asn,zero_drops,up_time,sixmonths_percent,p10_adTime,q1_adTime,median_adTime,q3_adTime,p90_adTime,p10_pfx_medianVis,q1_pfx_medianVis,median_pfx_medianVis,q3_pfx_medianVis,p90_pfx_medianVis,highMedVis_percent,lowMedVis_percent,highMaxVis_percent,lowMaxVis_percent,q1_adTime_highMaxVis,median_adTime_highMaxVis,q3_adTime_highMaxVis,q1_adTime_lowMaxVis,median_adTime_lowMaxVis,q3_adTime_lowMaxVis,q1_adTime_highMedVis,median_adTime_highMedVis,q3_adTime_highMedVis,q1_adTime_lowMedVis,median_adTime_lowMedVis,q3_adTime_lowMedVis,median_unique_pfx,rir_count,frac_unassigned_add,frac_unassigned_pref,top_rir_add,top_rir_pref,gini_rir_add,gini_rir_pref,frac_moas_add,frac_moas_pref,std_moas_len,var_moas_len,range_moas_len,p1_moas_len,p99_moas_len,class
5050,0,1.0,0.6274509804,1.0,3.0,953.0,3466.5,3709.0,0.001524390244,0.001524390244,0.5267175573,0.8593613143,0.8746803069,0.6470588235,0.01960784314,0.6470588235,0.01960784314,990.0,2693.0,3604.0,2.0,2.0,2.0,990.0,2693.0,3604.0,2.0,2.0,2.0,0.4117647059,1,1.0,1.0,1.0,1.0,0.223147687,0.2095129866,0.1363636364,0.1176470588,797.1883404,635509.25,2376,300.35,2606.2,0
17359,0,1.0,0.9545454545,3691.8,3709.0,3709.0,3710.0,3710.0,0.8608534323,0.8608534323,0.8673469388,0.8674033149,0.8674760677,1.0,0.0,1.0,0.0,3709.0,3709.0,3710.0,0.0,0.0,0.0,3709.0,3709.0,3710.0,0.0,0.0,0.0,0.9545454545,1,1.0,1.0,1.0,1.0,0.2790772334,0.2790772334,0.04761904762,0.04761904762,0.0,0.0,0,1376.0,1376.0,0
10512,3681,0.90625,0.0,1.0,1.0,6.0,8.0,11.2,0.06788511749,0.06788511749,0.075432959,0.07948717949,0.07978723404,1.0,0.0,1.0,0.0,1.0,6.0,8.0,0.0,0.0,0.0,1.0,6.0,8.0,0.0,0.0,0.0,0.186440678,4,0.9827586207,0.9827586207,0.775862069,0.775862069,0.3879073303,0.3879073303,0.05172413793,0.05172413793,3.299831646,10.88888889,7,0.14,7.0,1
4323,802,0.9986263736,0.853957229,63.0,567.0,1107.0,1964.5,2900.0,0.002739726027,0.002739726027,0.007614213198,0.03218093342,0.8878787879,0.2513251691,0.02394443429,0.4043136538,0.01608481082,732.0,1142.0,2031.0,34.0,141.0,160.25,628.0,1045.0,1226.0,66.0,156.0,243.5,0.515627856,5,0.975739645,0.9764211296,0.8074255406,0.8124882098,0.2713885818,0.2671804554,0.6605522682,0.6268056317,594.5558094,353496.6105,2336,0.0,1880.0,0
9541,0,1.0,0.6462785556,1.0,4.0,1130.0,2551.0,3160.4,0.001510574018,0.001510574018,0.9001956947,0.936802974,0.9584487535,0.6845983788,0.03684598379,0.6963890936,0.03537214444,994.0,1950.0,2784.0,1.0,1.0,1.75,1068.0,1950.0,2795.0,1.0,1.0,4.0,0.3684598379,2,0.9680851064,0.9690493736,0.9497282609,0.9586592179,0.1011267037,0.0872070601,0.04343971631,0.03684598379,348.922396,121746.8384,1153,0.0,1153.0,0
50300,0,1.0,0.5347222222,1.0,3.0,19.5,2123.0,3337.2,0.001510574018,0.001510574018,0.8687485244,0.8825046951,0.9133858268,0.5625,0.0,0.5625,0.0,704.0,1868.0,2903.0,0.0,0.0,0.0,704.0,1868.0,2903.0,0.0,0.0,0.0,0.3125,1,0.9230769231,0.9375,1.0,1.0,0.1325748195,0.1187209199,0.04273504274,0.03472222222,0.0,0.0,0,0.0,0.0,0
3456,0,1.0,0.5,1.0,2.0,86.5,883.0,1882.7,0.001452328113,0.001452328113,0.005602240896,0.8605656466,0.9042145594,0.4818181818,0.1090909091,0.4818181818,0.1,883.0,883.0,1691.0,57.0,220.0,222.0,883.0,883.0,1691.0,25.0,219.5,221.0,0.1545454545,1,1.0,1.0,1.0,1.0,0.1505096655,0.1391631767,0.08510638298,0.07272727273,27.60406447,761.984375,68,0.07,68.0,0
262896,0,1.0,0.45,1.0,2.0,6.0,643.25,898.0,0.001510574018,0.001510574018,0.001637402453,0.8670908056,0.88,0.4,0.0,0.45,0.0,40.0,861.0,898.0,0.0,0.0,0.0,411.25,874.0,898.0,0.0,0.0,0.0,0.05,1,1.0,1.0,1.0,1.0,0.4318423214,0.3153815403,0.3076923077,0.2,251.3341588,63168.85938,765,6.0,720.53,0
197580,0,1.0,0.3076923077,1.0,2.0,5.0,297.0,3497.2,0.001510574018,0.001510574018,0.02222222222,0.5434782609,0.8794705862,0.3846153846,0.0,0.3846153846,0.0,267.5,1930.0,3497.5,0.0,0.0,0.0,267.5,1930.0,3497.5,0.0,0.0,0.0,0.2051282051,1,1.0,1.0,1.0,1.0,0.3153815403,0.2872758011,0.3846153846,0.2564102564,277.4328027,76968.96,721,2.36,723.0,0
19157,708,1.0,0.8863636364,86.9,310.25,503.0,1026.25,1931.7,0.001322751323,0.001322751323,0.003766479827,0.8428262851,0.9104080913,0.3953488372,0.3255813953,0.5813953488,0.1627906977,820.0,851.0,1786.0,89.0,332.0,332.0,245.0,1748.0,1932.0,332.0,332.0,332.0,0.25,1,1.0,1.0,1.0,1.0,0.1975774228,0.1747429506,0.0,0.0,0.0,0.0,0,0.0,0.0,0
16814,0,1.0,0.5110593714,1.0,3.0,49.0,3030.75,3476.2,0.001523237198,0.001523237198,0.007915567282,0.01480484522,0.8651441106,0.1746216531,0.01804423749,0.5011641444,0.01804423749,2641.0,3024.0,3439.0,2.0,2.0,2.0,1250.25,3628.5,3709.0,2.0,2.0,2.0,0.4412107101,2,0.9992217899,0.9994179278,0.9843081312,0.9900811542,0.05131248336,0.03520957241,0.1883268482,0.1682188591,142.0823134,20187.38377,1217,0.0,781.84,0
3356,0,1.0,0.4482758621,1.0,1.0,43.0,435.0,476.0,0.001461988304,0.001461988304,0.001538461538,0.002304147465,0.007633587786,0.07154930184,0.7182490553,0.1132558916,0.4616684789,115.0,447.0,934.0,1.0,1.0,1.0,79.0,256.5,944.0,1.0,1.0,432.0,0.03684584495,5,0.9967565088,0.9967056746,0.867190664,0.8668868509,0.2225140795,0.2232055061,0.06552507426,0.066597765,790.2922671,624561.8674,3729,0.0,3509.0,0
53006,0,1.0,0.5215311005,3.0,48.75,74.0,281.0,416.0,0.001351351351,0.001351351351,0.002605864298,0.007927697721,0.3022670025,0.1363636364,0.3636363636,0.2679425837,0.2033492823,74.0,336.5,881.0,72.0,73.0,73.0,1.0,881.0,881.0,73.0,73.0,80.0,0.02631578947,1,1.0,1.0,1.0,1.0,0.06227300699,0.0485604132,0.1188405797,0.1028708134,130.6891498,17079.65387,513,7.0,520.0,0
6429,0,1.0,0.7759562842,2.5,60.0,1350.5,2950.0,2985.5,0.005005517664,0.005005517664,0.01018182357,0.8504033565,0.8637178234,0.3579234973,0.0218579235,0.7103825137,0.01639344262,980.75,2793.0,2952.0,5.0,5.0,5.0,656.0,1572.0,3704.0,5.0,5.0,35.5,0.4890710383,4,0.961038961,0.9672131148,0.9799331104,0.9828571429,0.08026475089,0.07066058459,0.07142857143,0.06010928962,685.7818787,470296.7851,1855,0.0,1832.53,0
57129,474,0.8722371968,0.2262910798,3.0,18.0,43.0,135.0,314.0,0.1258741259,0.1258741259,0.8652500616,0.8837719298,0.9074913069,0.9417840376,0.006572769953,0.9727699531,0.004694835681,19.75,45.0,137.0,1.0,1.0,1.0,19.0,44.0,146.5,1.0,1.0,6.0,0.006572769953,3,0.9500542888,0.9502347418,0.9812362031,0.9838095238,0.05771235228,0.05111746469,0.3170466884,0.2788732394,116.060308,13469.9951,931,0.0,488.56,1
36915,0,1.0,0.6352941176,1.0,1.0,2258.0,3108.0,3682.0,0.003731343284,0.003731343284,0.8930232558,0.9060240964,0.9097459346,0.6470588235,0.0,0.6470588235,0.0,2453.0,2665.0,3586.5,0.0,0.0,0.0,2453.0,2665.0,3586.5,0.0,0.0,0.0,0.4705882353,1,0.9152542373,0.9176470588,1.0,1.0,0.1445943141,0.1107449665,0.2542372881,0.1882352941,289.9283788,84058.46484,1140,0.6,1027.5,0
205944,2410,0.5334427575,0.08108108108,4.0,4.0,14.0,29.0,33.0,0.3807726699,0.3807726699,0.3914141414,0.8564102564,0.8694467648,1.0,0.0,1.0,0.0,4.0,14.0,29.0,0.0,0.0,0.0,4.0,14.0,29.0,0.0,0.0,0.0,0.08108108108,3,1.0,1.0,0.6666666667,0.6944444444,0.4770379648,0.4573228609,0.1818181818,0.1666666667,2.140872096,4.583333333,7,8.1,14.75,1
53135,0,1.0,0.681372549,1.0,4.75,537.0,1846.0,2916.7,0.001566171673,0.001566171673,0.007926023778,0.05675146771,0.7148621314,0.3578431373,0.07843137255,0.6862745098,0.0637254902,536.0,570.5,1982.25,1.0,1.0,1.0,1780.0,1932.0,3210.0,1.0,1.0,3.5,0.2401960784,3,0.9925373134,0.9950980392,0.7767857143,0.8554913295,0.3284423759,0.2490701895,0.2611940299,0.181372549,229.9419497,52873.30022,1432,0.0,924.76,0
26415,0,1.0,0.6019163763,2.0,7.75,112.5,501.0,817.0,0.004984352012,0.004984352012,0.8478802993,0.86946875,0.9187795847,0.8257839721,0.005226480836,0.8858885017,0.002613240418,8.0,257.0,501.0,2.0,2.0,2.0,8.0,361.0,501.0,2.0,73.0,782.25,0.05574912892,5,0.5978647687,0.6010452962,0.4450600185,0.4452488688,0.4637849253,0.4632970949,0.243772242,0.2386759582,659.3990317,434807.083,3729,0.0,3639.94,0
37271,0,1.0,0.3404255319,1.0,1.0,2.0,2.0,78.0,0.002638522427,0.002638522427,0.0126984127,0.02495110201,0.03503184713,0.4521276596,0.0,0.704787234,0.0,2.0,2.0,2.0,0.0,0.0,0.0,1.0,2.0,2.0,0.0,0.0,0.0,0.007978723404,1,1.0,1.0,1.0,1.0,0.05119818394,0.04965431396,0.01366120219,0.01329787234,64.36955802,4143.44,175,1.56,170.96,0
29695,0,1.0,0.4893617021,1.0,11.5,41.0,238.5,1079.2,0.001666666667,0.001666666667,0.003751187085,0.8343900354,0.8611111111,0.2813238771,0.01182033097,0.3286052009,0.004728132388,365.0,492.0,1267.0,1.0,1.0,1.0,492.0,747.0,1336.5,1.0,4.0,12.0,0.07092198582,1,0.7961956522,0.8061465721,1.0,1.0,0.0509995701,0.04392622736,0.02173913043,0.01891252955,123.9936994,15374.4375,268,0.07,267.72,0
11537,0,1.0,0.2648190916,2.0,7.0,55.0,67.0,77.0,0.001510574018,0.001510574018,0.00304414003,0.008403361345,0.009198423127,0.03618167821,0.07159353349,0.04464973056,0.009237875289,335.75,1104.0,1591.5,7.0,7.0,7.0,348.5,1256.0,2058.5,6.0,7.0,9.0,0.01847575058,5,0.9945269742,0.9946112394,0.9576271186,0.9583828775,0.107320463,0.1057843764,0.0516028147,0.05080831409,725.124083,525804.9357,3532,0.65,3147.85,0
9201,0,1.0,0.3015873016,1.0,2.0,3.0,3310.0,3401.0,0.001509436538,0.001509436538,0.001572327044,0.8838383838,0.8905834796,0.2698412698,0.07142857143,0.2698412698,0.02380952381,3399.5,3401.0,3402.0,1.0,1.0,1.0,3399.5,3401.0,3402.0,1.0,3.0,3.0,0.2698412698,1,0.8773584906,0.8968253968,1.0,1.0,0.2446900283,0.2446900283,0.0,0.0,0.0,0.0,0,0.0,0.0,0
33653,119,0.9679245283,0.9848484848,375.5,873.75,2874.0,3525.0,3526.0,0.001943944867,0.001943944867,0.002577319588,0.003875968992,0.009898328282,0.1363636364,0.1060606061,0.1666666667,0.0,512.5,924.0,1577.0,0.0,0.0,0.0,603.0,1325.0,1654.0,1126.5,1391.0,1765.5,0.6363636364,1,1.0,1.0,1.0,1.0,0.1465090918,0.1465090918,0.04615384615,0.04545454545,359.6816494,129370.8889,763,0.0,747.74,0
33650,0,1.0,0.8134615385,9.0,374.5,892.0,2408.5,3523.2,0.001672240803,0.001672240803,0.003870993522,0.8858381503,0.8864575057,0.4769230769,0.09423076923,0.4923076923,0.009615384615,683.75,892.0,892.0,1.0,1.0,1.0,680.75,892.0,892.0,604.0,605.0,1583.0,0.2923076923,3,1.0,1.0,0.9836065574,0.9837398374,0.0786234145,0.07810948068,0.126459144,0.125,400.6865694,160549.7269,1715,0.0,1299.0,0
33651,0,1.0,0.2644230769,1.0,1.0,2.0,127.5,1345.0,0.001512873154,0.001512873154,0.002320185615,0.003267973856,0.8887343533,0.2080128205,0.075,0.2134615385,0.05576923077,402.5,1068.0,1345.0,2.0,2.0,2.0,421.0,1068.0,1345.0,2.0,2.0,219.0,0.05576923077,2,1.0,1.0,0.9981072555,0.998136646,0.01448735816,0.01429252705,0.07208387942,0.07083333333,921.9496775,849991.2079,3699,0.0,3699.0,0
33656,49,0.9867924528,0.6782608696,1.0,2.0,1197.0,3147.5,3525.0,0.001510574018,0.001510574018,0.002570694087,0.003193504191,0.01558406681,0.1391304348,0.06956521739,0.1652173913,0.01739130435,972.0,1391.0,1398.0,74.5,134.0,193.5,1249.5,1398.0,1421.25,516.25,1254.0,1573.75,0.3913043478,1,1.0,1.0,1.0,1.0,0.1325748195,0.1325748195,0.01754385965,0.01739130435,436.5,190532.25,873,15.73,871.27,0
33654,49,0.9867924528,0.736196319,1.0,52.0,1156.0,3007.5,3525.0,0.001509662661,0.001509662661,0.002577319588,0.003853693308,0.8864103693,0.1840490798,0.1595092025,0.2024539877,0.006134969325,599.0,1178.0,1368.0,1.0,1.0,1.0,676.0,1260.5,1368.0,1035.0,1276.5,1916.5,0.3435582822,1,1.0,1.0,1.0,1.0,0.09781961376,0.09781961376,0.05521472393,0.05521472393,425.2971365,180877.6543,1184,0.0,1157.6,0
680,0,1.0,0.2199835526,7.0,7.0,7.0,7.0,2530.6,0.003816793893,0.003816793893,0.003816793893,0.005208333333,0.8695652174,0.2018914474,0.001233552632,0.2076480263,0.0004111842105,1190.0,2256.0,3709.0,2.0,2.0,2.0,1191.0,2449.0,3709.0,2.5,3.0,16.0,0.1221217105,2,0.6139555958,0.5912828947,0.9989429175,0.9990286547,0.01098507216,0.01020294097,0.01495242411,0.01356907895,1394.962762,1945921.107,3729,0.0,3729.0,0
4755,0,1.0,0.6894479074,1.0,17.0,1616.5,3709.0,3710.0,0.002415458937,0.002415458937,0.8427835052,0.8528349794,0.862258646,0.643365984,0.04051647373,0.6578361532,0.03918076581,1686.0,3314.0,3709.0,1.0,1.0,1.0,1804.0,3369.5,3709.0,1.0,1.0,1.0,0.4770703473,4,0.9835281615,0.9857524488,0.929655575,0.9405195436,0.1267700754,0.1118145965,0.140010627,0.1191271432,519.8494454,270243.4459,3470,0.0,2889.0,0
34991,3312,0.5605633803,0.06363636364,11.0,13.0,27.0,41.25,69.2,0.7054545455,0.7054545455,0.9186519191,0.9399293286,0.9422382671,0.9816513761,0.0,0.9816513761,0.0,13.0,27.0,42.5,0.0,0.0,0.0,13.0,27.0,42.5,0.0,0.0,0.0,0.09090909091,4,0.9252336449,0.9266055046,0.6542056075,0.6605504587,0.4514612786,0.4469751902,0.1962616822,0.1926605505,17.89551433,320.2494331,48,1.6,49.0,1
20115,0,1.0,0.2297804466,1.0,1.0,4.0,166.0,2050.0,0.001332445628,0.001332445628,0.001529051988,0.002816901408,0.9175900915,0.2140176393,0.2794145243,0.217113905,0.2632764121,643.0,1528.5,3709.0,3.0,165.0,166.0,666.25,1616.5,3709.0,3.0,165.0,166.0,0.1056014262,5,0.9996095085,0.9996246951,0.9972705071,0.9966937595,0.01139447745,0.01316642616,0.009078928101,0.009335710265,206.4585446,42625.13063,1005,0.0,1002.06,0
1103,0,1.0,0.487804878,1.0,6.0,63.0,3706.5,3710.0,0.00327333119,0.00327333119,0.9010025063,0.9025889266,0.9105772744,0.7526132404,0.006968641115,0.756097561,0.006968641115,6.0,1227.0,3709.0,25.75,49.5,73.25,6.0,1244.5,3709.0,25.75,49.5,73.25,0.3519163763,2,0.3068181818,0.2961672474,0.995412844,0.9958158996,0.0595803088,0.05526212831,0.03409090909,0.03146853147,1291.642948,1668341.506,3341,0.0,3339.32,0
9498,0,1.0,0.4951167728,1.0,3.0,159.0,1527.25,3701.0,0.002525252525,0.002525252525,0.01633986928,0.8934151434,0.9010025063,0.4394904459,0.006050955414,0.4957537155,0.003609341826,281.0,1389.0,3147.75,1.0,2.0,6.75,452.0,1685.5,3525.0,2.0,9.0,152.0,0.2599787686,5,0.9858898498,0.9863057325,0.9251867113,0.9270557029,0.144447944,0.1414474775,0.1579426491,0.154368829,432.5258374,187078.6,3648,0.0,2420.54,1
15169,0,1.0,0.3699654776,1.0,1.0,7.0,1030.0,2488.0,0.001566194723,0.001566194723,0.002617801047,0.9016662017,0.9281767956,0.417721519,0.02387802071,0.4217491369,0.02157652474,415.25,1256.5,2468.75,2.0,4.0,7.0,467.5,1295.0,2487.0,2.0,3.0,7.0,0.1613924051,5,0.9744816587,0.9766973533,0.8967158496,0.9038785835,0.1861029248,0.1759846538,0.1326953748,0.128057554,478.7127719,229165.918,2281,0.0,1387.0,0
41495,0,1.0,0.1169811321,1.0,1.0,2.0,5.0,32.2,0.001492537313,0.001492537313,0.001523237198,0.001572327044,0.117051173,0.1132075472,0.04528301887,0.1132075472,0.03018867925,112.0,295.5,2540.75,1.0,2.0,2.25,112.0,295.5,2540.75,1.75,2.5,6.0,0.03773584906,1,0.9951219512,0.9962264151,1.0,1.0,0.3261415965,0.2790772334,0.04390243902,0.03396226415,144.0123451,20739.55556,470,0.16,444.56,0
5503,0,1.0,0.5324675325,1.0,5.0,21.0,307.75,1581.0,0.002601471635,0.002601471635,0.8730946053,0.8916371729,0.902053291,0.7857142857,0.03246753247,0.9350649351,0.0,7.0,22.5,352.25,0.0,0.0,0.0,6.0,23.0,555.0,15.0,21.0,21.0,0.1038961039,2,1.0,1.0,0.984375,0.9798657718,0.104194225,0.1030798885,0.01526717557,0.01298701299,0.5,0.25,1,0.01,0.99,0
6939,0,1.0,0.3767918089,1.0,2.0,36.0,495.0,1749.0,0.00157480315,0.00157480315,0.9107142857,0.9498746867,0.9644268775,0.5829351536,0.0156996587,0.6020477816,0.004778156997,57.25,254.5,1245.75,1.0,4.0,7.0,75.0,275.0,1280.0,5.0,9.0,49.5,0.1283276451,5,0.9853587116,0.985665529,0.6833797586,0.6884057971,0.3935507976,0.3920510447,0.6844802343,0.6482240437,642.0164044,412185.0636,3729,0.0,2360.0,0
28929,0,1.0,0.6,1.0,2.75,1674.5,3709.25,3710.0,0.001599540397,0.001599540397,0.4383261221,0.870717259,0.8795326271,0.5,0.0,0.5,0.0,3446.5,3709.5,3710.0,0.0,0.0,0.0,3446.5,3709.5,3710.0,0.0,0.0,0.0,0.5,1,0.875,0.9,1.0,1.0,0.3502605017,0.3261415965,0.0,0.0,0.0,0.0,0,0.0,0.0,0
33490,0,1.0,0.8333333333,9.0,236.0,922.0,2115.0,3523.6,0.001592569917,0.001592569917,0.006644518272,0.8759018759,0.8787878788,0.4841269841,0.119047619,0.5079365079,0.03174603175,481.0,922.0,931.0,2.0,219.5,221.0,376.0,922.0,928.5,220.0,604.0,1392.0,0.3095238095,2,1.0,1.0,0.9951690821,0.9951690821,0.06214755196,0.06214755196,0.6206896552,0.619047619,1315.130181,1729567.393,3156,3.0,3039.0,0
33491,0,1.0,0.4693140794,1.0,2.0,9.0,1545.5,2872.4,0.001510574018,0.001510574018,0.002577319588,0.820778361,0.8897280967,0.3011861784,0.051057246,0.3073749355,0.009798865395,738.75,1336.0,1548.0,1.0,2.0,220.0,741.0,1339.0,1548.0,220.0,605.0,1755.0,0.1454357916,2,1.0,1.0,0.9983050847,0.9983388704,0.02593755924,0.02549652019,0.04566929134,0.04486848891,603.8350769,364616.8001,3482,0.0,2222.1,0
286,0,1.0,0.6613051471,2.0,58.75,399.0,973.0,1243.0,0.00127388535,0.00127388535,0.001416430595,0.002795249443,0.01542045594,0.08088235294,0.5974264706,0.1102941176,0.2559742647,2.0,440.5,1576.0,61.0,132.0,341.0,2.0,189.0,2365.0,167.0,767.5,1243.0,0.05147058824,5,0.8950195313,0.8897058824,0.6635610766,0.6769005848,0.3370253615,0.3297552568,0.8247070313,0.8175551471,543.7781905,295694.7204,3729,0.0,1607.0,0
8737,0,1.0,0.7050147493,92.0,171.0,442.0,632.0,878.0,0.5946669818,0.5946669818,0.8805968967,0.9140376194,0.9268929504,0.98820059,0.0,0.98820059,0.0,171.0,442.0,632.0,0.0,0.0,0.0,171.0,442.0,632.0,0.0,0.0,0.0,0.1209439528,1,0.9636363636,0.9646017699,1.0,1.0,0.04227369388,0.03539437053,0.1490909091,0.1592920354,39.34357211,1547.916667,90,13.0,103.0,0
22909,0,1.0,0.6761453397,1.0,4.0,1128.0,3165.0,3525.0,0.001519756839,0.001519756839,0.002577319588,0.009615384615,0.8975772318,0.2622432859,0.07424960506,0.2748815166,0.004739336493,635.5,1228.5,1470.0,2.0,2.0,12.5,629.0,1295.5,1470.0,604.0,1391.0,2017.0,0.3475513428,1,1.0,1.0,1.0,1.0,0.03823913386,0.03802724702,0.04761904762,0.04897314376,359.617695,129324.8866,1456,0.0,1338.7,0
24592,0,1.0,0.3571428571,1.0,4.0,15.0,281.5,3666.6,0.001574076852,0.001574076852,0.007821878202,0.8610846417,0.883315476,0.4047619048,0.0,0.4285714286,0.0,178.0,2560.0,3606.0,0.0,0.0,0.0,178.0,2560.0,3707.0,0.0,0.0,0.0,0.2380952381,1,1.0,1.0,1.0,1.0,0.2872758011,0.2446900283,0.0,0.0,0.0,0.0,0,0.0,0.0,0
16591,0,1.0,0.6273584906,3.0,12.75,554.5,1657.0,1752.0,0.002267573696,0.002267573696,0.2992518703,0.8798890943,0.8834210526,0.7051886792,0.03066037736,0.733490566,0.004716981132,216.5,1196.0,1726.0,1.25,1.5,1.75,297.0,1229.0,1734.0,3.0,3.0,3.0,0.03066037736,1,1.0,1.0,1.0,1.0,0.03670898423,0.03107458626,0.005917159763,0.007075471698,7.071067812,50.0,15,0.3,15.0,0
20928,0,1.0,0.672985782,2.0,20.0,751.0,1566.0,1874.8,0.007694285149,0.007694285149,0.4579200298,0.8803925732,0.8932806324,0.808056872,0.0,0.808056872,0.0,392.0,943.0,1712.0,0.0,0.0,0.0,392.0,943.0,1712.0,0.0,0.0,0.0,0.2393364929,1,1.0,1.0,1.0,1.0,0.03512565827,0.028981442,0.008955223881,0.007109004739,0.0,0.0,0,21.0,21.0,0
2603,0,1.0,0.4807692308,5.1,23.5,67.0,1426.75,3709.0,0.001315789474,0.001315789474,0.006439760474,0.8726252032,0.8787020941,0.4423076923,0.2884615385,0.4615384615,0.2692307692,48.25,2274.5,3709.0,16.0,67.0,67.0,40.5,2484.0,3709.0,17.0,67.0,75.5,0.25,2,0.9333333333,0.9423076923,0.9756097561,0.9777777778,0.2121883074,0.1990375421,0.4222222222,0.3653846154,829.4922553,688057.4017,2891,4.0,2783.76,0
11695,2056,0.7718152123,0.025,14.0,15.0,68.0,98.0,139.0,0.7691536679,0.7691536679,0.8689320388,0.8744929772,0.87562848,0.9487179487,0.0,1.0,0.0,15.0,68.0,98.0,0.0,0.0,0.0,15.0,68.0,98.0,0.0,0.0,0.0,0.025,2,1.0,1.0,0.9714285714,0.9743589744,0.2359489527,0.2195076841,0.02857142857,0.02564102564,0.0,0.0,0,0.0,0.0,1
133955,1054,0.8230554695,0.4466019417,10.5,37.0,76.0,253.25,614.5,0.7479653594,0.7479653594,0.8494907343,0.8740554156,0.8857950694,0.9609756098,0.00487804878,0.9707317073,0.00487804878,37.5,78.0,271.5,1.0,1.0,1.0,38.0,78.0,279.0,1.0,1.0,1.0,0.05825242718,3,1.0,1.0,0.5147058824,0.5170731707,0.3772174524,0.376820396,0.3039215686,0.3024390244,36.92794683,1363.673257,209,0.0,144.95,1
48579,1078,1.0,0.4594594595,1.0,1.0,7.0,1521.0,2585.6,0.001572327044,0.001572327044,0.8632911392,0.8737623762,0.8859480881,0.6756756757,0.02702702703,0.7027027027,0.0,1.0,427.5,2497.5,0.0,0.0,0.0,1.0,301.0,2334.0,2552.0,2552.0,2552.0,0.2702702703,1,0.9259259259,0.9459459459,1.0,1.0,0.2572773008,0.2333763054,0.0,0.0,0.0,0.0,0,0.0,0.0,0
1741,0,1.0,0.5979381443,1.0,4.0,1092.0,3521.0,3710.0,0.001566171673,0.001566171673,0.07945750555,0.8772635815,0.882422188,0.5360824742,0.0,0.5670103093,0.0,1094.0,2857.0,3709.0,0.0,0.0,0.0,1186.25,2928.5,3709.0,0.0,0.0,0.0,0.3298969072,1,0.3896103896,0.4845360825,1.0,1.0,0.1310321606,0.1225366933,0.02597402597,0.0206185567,262.5,68906.25,525,1154.25,1668.75,0
1299,0,1.0,0.2815198618,1.0,1.0,3.0,230.0,1401.0,0.0016,0.0016,0.002525252525,0.8433908046,0.8684014397,0.322970639,0.02533103051,0.3281519862,0.0207253886,233.0,956.5,1563.0,1.0,2.0,2.0,243.0,978.0,1566.0,1.0,2.0,3.5,0.09556706966,5,0.9735872236,0.9752446747,0.5076071923,0.5013351135,0.4235051608,0.4229625049,0.2444717445,0.2298387097,262.0672802,68679.25935,3069,0.0,1441.14,0
174,0,1.0,0.5669057198,2.0,21.0,249.0,1261.0,2545.0,0.001591090904,0.001591090904,0.1666666667,0.85,0.8657903178,0.769576118,0.0492099586,0.7979709638,0.01918255495,125.0,547.5,1610.75,2.0,2.0,2.0,141.0,597.0,1677.0,2.0,4.0,30.0,0.221561425,5,0.9839211948,0.9846656172,0.8416634578,0.8437830595,0.2565829712,0.2536005983,0.1880521131,0.1750437318,385.4614651,148580.5411,3729,0.0,2011.58,0
15879,0,1.0,0.3525423729,1.0,2.0,8.0,74.0,2934.2,0.001564959025,0.001564959025,0.8606138107,0.8899398249,0.911845061,0.6847457627,0.02033898305,0.7254237288,0.006779661017,4.25,21.0,217.25,1.5,2.0,2.5,4.25,24.5,265.0,3.25,5.0,153.0,0.1389830508,1,0.9418604651,0.9389830508,1.0,1.0,0.05160044674,0.04984180856,0.01937984496,0.01694915254,41.60576883,1731.04,107,0.0,104.16,0
7660,0,1.0,0.4102564103,1.0,2.0,6.0,1245.0,3221.0,0.001444669653,0.001444669653,0.001602568218,0.5309734513,0.8743019973,0.4358974359,0.1538461538,0.4358974359,0.1538461538,421.0,2449.0,3099.0,1.0,1.5,3.5,421.0,2449.0,3099.0,1.0,1.5,3.5,0.2307692308,1,0.9642857143,0.9743589744,1.0,1.0,0.4124032899,0.3786098873,0.07142857143,0.05128205128,6.0,36.0,12,1.12,12.88,0
5617,0,1.0,0.7116022099,2.0,28.0,205.0,205.0,205.0,0.002423952138,0.002423952138,0.09125475285,0.1022727273,0.1037037037,0.6944751381,0.02375690608,0.6966850829,0.01270718232,204.0,205.0,205.0,1.0,2.0,4.0,204.0,205.0,205.0,2.0,4.0,8.0,0.04309392265,3,0.9906832298,0.9906077348,0.998647735,0.9987915408,0.01376346056,0.0124804702,0.009316770186,0.008287292818,964.0833851,929456.7733,3729,0.0,3399.02,0
5615,2045,1.0,0.07210031348,1.0,1.0,1.0,1.0,1.2,0.002557544757,0.002557544757,0.002557544757,0.002557544757,0.008219178082,0.065830721,0.0,0.065830721,0.0,250.0,379.0,930.0,0.0,0.0,0.0,250.0,379.0,930.0,0.0,0.0,0.0,0.02507836991,1,1.0,1.0,1.0,1.0,0.03968067174,0.0363228094,0.0,0.0,0.0,0.0,0,0.0,0.0,0
12859,0,1.0,0.4725490196,1.0,2.0,13.0,1078.0,2075.3,0.001524390244,0.001524390244,0.005765768014,0.8681682743,0.9047802584,0.3529411765,0.01568627451,0.5176470588,0.005882352941,25.0,867.5,1850.25,1.5,2.0,5.0,15.75,391.5,1839.0,6.5,14.0,29.5,0.1392156863,2,0.9268929504,0.9274509804,0.995,0.9959839357,0.06390967021,0.05343333308,0.05221932115,0.03921568627,138.0617525,19061.0475,474,0.0,471.91,0
2914,0,1.0,0.3827648115,1.0,2.0,35.0,556.0,1980.8,0.002386634845,0.002386634845,0.007575866274,0.8594317251,0.8814409585,0.4578096948,0.05098743268,0.471454219,0.03231597846,235.0,763.0,1835.0,1.0,1.0,1.0,239.0,766.0,1859.0,1.0,2.0,14.0,0.1421903052,5,0.9667812142,0.9687612208,0.5253012048,0.5307984791,0.4717198611,0.4688071102,0.264604811,0.2507183908,273.3035267,74694.81773,3624,0.0,1125.05,0
4181,0,1.0,0.8561887801,9.0,268.0,1405.0,1563.0,1860.0,0.002564102564,0.002564102564,0.8366470334,0.8423076923,0.8541894343,0.8098842386,0.006233303651,0.8112199466,0.004452359751,1070.0,1562.0,1563.0,1.0,1.0,2.5,1071.0,1562.0,1563.0,1.0,2.0,3.0,0.1389136242,2,0.9995017439,0.999554764,0.9994850669,0.9995305164,0.009251901159,0.008531080618,0.02989536622,0.0267141585,13.26284493,175.9030556,71,0.0,52.71,0
6752,0,1.0,0.6307692308,2.0,6.25,541.5,3008.75,3693.3,0.002267984747,0.002267984747,0.8475108409,0.8586433316,0.8682067244,0.5923076923,0.007692307692,0.5923076923,0.007692307692,703.0,2905.0,3333.0,1.0,1.0,1.0,703.0,2905.0,3333.0,1.0,1.0,1.0,0.3538461538,2,1.0,1.0,0.9879518072,0.9914529915,0.1276015169,0.09800076661,0.04545454545,0.03076923077,68.33373984,4669.5,153,1.14,153.0,0
8052,440,1.0,0.962962963,1859.8,2581.0,2758.0,2824.5,3123.8,0.8424952377,0.8424952377,0.848806366,0.8491883933,0.8564134667,0.962962963,0.0,0.962962963,0.0,2584.25,2784.0,2831.25,0.0,0.0,0.0,2584.25,2784.0,2831.25,0.0,0.0,0.0,0.9259259259,1,1.0,1.0,1.0,1.0,0.2508110198,0.2508110198,0.07407407407,0.07407407407,0.0,0.0,0,7.0,7.0,0
53096,2,0.9994609164,0.1205787781,1.0,1.0,4.0,22.0,111.4,0.001544895129,0.001544895129,0.02097237368,0.1602671119,0.9307194614,0.6028938907,0.01125401929,0.6286173633,0.009646302251,1.0,18.0,23.0,2.0,2.0,2.75,1.0,18.0,22.0,2.0,2.0,3.5,0.03215434084,1,1.0,1.0,1.0,1.0,0.3153815403,0.1870345026,0.04956896552,0.06270096463,58.06051163,3371.023011,214,0.0,210.2,0
263018,0,1.0,0.6086956522,2.0,5.0,586.0,1377.0,1630.0,0.001570850681,0.001570850681,0.211088905,0.8769230769,0.9114273789,0.6086956522,0.0,0.6231884058,0.0,648.0,1307.0,1411.0,0.0,0.0,0.0,659.25,1315.0,1411.5,0.0,0.0,0.0,0.1739130435,1,1.0,1.0,1.0,1.0,0.3053661657,0.1939212744,0.4390243902,0.4202898551,204.6223632,41870.31153,662,15.0,672.52,0
8315,0,1.0,0.3636363636,2.0,10.0,62.0,237.0,752.0,0.001589070455,0.001589070455,0.003616636528,0.003710575139,0.8831647345,0.2266139657,0.002635046113,0.3267457181,0.001317523057,80.0,270.0,1007.0,2.0,2.0,2.0,69.5,513.0,1315.0,5.25,8.5,11.75,0.03689064559,3,0.9454545455,0.9420289855,0.9813953488,0.984962406,0.08699766958,0.07334323254,0.07878787879,0.07378129117,270.9608417,73419.77774,1028,0.0,832.2,0
29422,0,1.0,0.3488372093,1.0,2.0,5.0,860.0,2892.1,0.001510574018,0.001510574018,0.003046953047,0.8482615894,0.8759484153,0.3720930233,0.0,0.3779069767,0.0,799.0,2134.0,2973.0,0.0,0.0,0.0,777.25,2134.0,2973.0,0.0,0.0,0.0,0.1918604651,2,0.9105691057,0.9302325581,0.9855072464,0.9879518072,0.1464932433,0.1276015169,0.08943089431,0.06395348837,528.7592838,279586.3802,1848,0.0,1671.9,0
14361,0,1.0,0.8941774492,105.0,485.0,485.0,485.0,485.0,0.001960784314,0.001960784314,0.002631578947,0.002631578947,0.002631578947,0.03951016636,0.0311922366,0.03951016636,0.003696857671,224.0,1653.0,3498.0,1.0,3.5,5.75,224.0,1653.0,3498.0,105.0,174.0,519.0,0.02264325323,5,0.9768211921,0.9773567468,0.4005876592,0.396509937,0.5514963698,0.5540603682,0.002838221381,0.002772643253,162.3850662,26368.90972,596,0.0,547.16,0
15699,0,1.0,0.4050632911,1.0,1.25,5.0,594.5,2598.7,0.001510574018,0.001510574018,0.005310150376,0.8560055154,0.8953555689,0.2911392405,0.03164556962,0.3607594937,0.01265822785,203.0,1746.0,2662.0,1.25,1.5,1.75,735.0,2191.5,3567.0,2.0,2.0,2.0,0.1708860759,1,0.8965517241,0.9113924051,1.0,1.0,0.1038478801,0.09470242601,0.02586206897,0.01898734177,0.9428090416,0.8888888889,2,0.04,2.0,0
13343,1197,1.0,0.8,1.0,2006.0,2512.0,2513.0,2513.0,0.001576925669,0.001576925669,0.842938237,0.8497652212,0.8523328523,0.8,0.0,0.8,0.0,2512.0,2512.5,2513.0,0.0,0.0,0.0,2512.0,2512.5,2513.0,0.0,0.0,0.0,0.8,1,1.0,1.0,1.0,1.0,0.4124032899,0.3947340481,0.0,0.0,0.0,0.0,0,0.0,0.0,0
38794,0,1.0,0.6442687747,2.0,8.0,1159.0,3120.0,3709.0,0.001594896332,0.001594896332,0.9298701299,0.9501278772,0.9577952076,0.6245059289,0.00395256917,0.6403162055,0.00395256917,1263.5,2457.0,3420.75,1.0,1.0,1.0,1241.0,2550.0,3514.75,1.0,1.0,1.0,0.4466403162,2,0.9796954315,0.9841897233,0.9707602339,0.9765258216,0.1099299509,0.09267905645,0.1065989848,0.08300395257,736.7514865,542802.7528,2700,0.0,2632.0,0
12779,0,1.0,0.4444444444,1.0,3.0,60.0,837.0,2574.6,0.001597448166,0.001597448166,0.02152641879,0.8866666667,0.9101515258,0.4358974359,0.03418803419,0.4358974359,0.02564102564,289.0,994.0,2518.5,1.0,1.0,1.0,289.0,994.0,2518.5,1.0,1.0,3.0,0.1965811966,2,0.9611650485,0.9658119658,0.9638554217,0.9677419355,0.1604425983,0.1475423342,0.04854368932,0.04273504274,1321.436431,1746194.24,2710,5.72,2715.0,0
11955,319,0.9140161725,0.5459183673,1.0,2.0,163.0,857.0,2392.0,0.001345904772,0.001345904772,0.005563551387,0.8443444853,0.8552372604,0.4642857143,0.1785714286,0.4948979592,0.1785714286,93.0,923.0,2392.0,74.5,219.0,220.0,220.5,1243.0,2392.0,74.5,219.0,220.0,0.2244897959,1,1.0,1.0,1.0,1.0,0.08411627534,0.07673831293,0.02247191011,0.02040816327,8.093207028,65.5,19,0.0,18.46,0
25,0,1.0,0.5416666667,2.0,5.0,8.0,2805.0,3709.0,0.001328021248,0.001328021248,0.007527221196,0.8615054519,0.873851888,0.4166666667,0.25,0.4375,0.25,883.0,3317.0,3709.0,5.0,5.0,5.0,1597.0,3513.0,3709.0,5.0,5.0,5.0,0.3125,4,0.9756097561,0.9791666667,0.6486486486,0.675,0.4541351201,0.4382187402,0.4146341463,0.3541666667,8.724146184,76.11072664,20,0.0,20.0,0
4538,0,1.0,0.5047826087,86.0,152.0,152.0,3460.0,3557.0,0.00815771961,0.00815771961,0.01347708895,0.04882659258,0.06920102286,0.887173913,0.002391304348,0.9260869565,0.001304347826,152.0,209.0,3516.0,1.0,2.0,68.0,152.0,152.0,3530.0,1.0,8.0,122.0,0.3940217391,2,0.9997583763,0.9997101449,0.9985168095,0.9987909726,0.007380870049,0.006172395289,0.8712145619,0.8074637681,243.2330251,59162.30448,3729,1.0,1632.0,0
12956,0,1.0,0.2995951417,1.0,2.0,17.0,486.75,2762.0,0.002392344498,0.002392344498,0.003322259136,0.8490054563,0.8635197001,0.2914979757,0.004048582996,0.2955465587,0.002024291498,822.0,2080.0,3278.0,2.0,2.0,2.0,822.0,2109.0,3278.25,399.5,797.0,1194.5,0.1761133603,3,0.9934497817,0.991902834,0.6575,0.6462264151,0.3953437839,0.401906967,0.5021834061,0.4787018256,353.5794176,125018.4045,1985,0.0,1581.05,0
2381,0,1.0,0.6637168142,1.0,8.0,477.0,2324.0,3709.8,0.001529051988,0.001529051988,0.9523884486,0.9641943734,0.9656992084,0.7345132743,0.02654867257,0.7345132743,0.02654867257,321.0,1233.0,3709.0,1.0,1.0,1.0,321.0,1233.0,3709.0,1.0,1.0,1.0,0.3274336283,2,1.0,1.0,0.987012987,0.9882352941,0.1350108545,0.1253239686,0.5376344086,0.4424778761,178.6050436,31899.7616,1080,0.49,754.15,0
24940,0,1.0,0.4636363636,1.0,2.0,10.0,1143.75,2548.0,0.001550387597,0.001550387597,0.003586373069,0.8947368421,0.9086962738,0.4454545455,0.09393939394,0.4636363636,0.05757575758,365.0,1271.0,2390.0,2.0,3.0,7.0,472.5,1330.0,2407.0,3.0,7.0,9.5,0.1757575758,4,0.8260869565,0.8393939394,0.9860465116,0.987654321,0.07991797397,0.07238600649,0.152173913,0.1303030303,182.0226779,33132.25527,1196,0.0,799.1,0
262983,12,1.0,0.5459940653,1.0,2.0,114.0,1931.0,2363.4,0.001525786632,0.001525786632,0.01558712213,0.225477707,0.9001519781,0.4629080119,0.0237388724,0.5489614243,0.0237388724,1367.0,1913.0,2084.0,1.0,2.0,2.0,1342.0,1916.5,2147.25,1.0,2.0,2.0,0.2314540059,1,0.9947643979,0.9970326409,1.0,1.0,0.07920771215,0.04734779918,0.1518324607,0.1216617211,389.8130106,151954.1832,1482,0.0,1482.0,0
28130,0,1.0,0.6979865772,1.8,42.0,2587.0,2880.0,3023.0,0.001602564103,0.001602564103,0.8706666667,0.8741886856,0.8794085822,0.6979865772,0.05369127517,0.7181208054,0.0,2587.0,2588.0,2881.0,0.0,0.0,0.0,2587.0,2588.0,2881.0,42.0,42.0,42.0,0.6577181208,1,0.9879518072,0.9932885906,1.0,1.0,0.1310321606,0.08077377454,0.265060241,0.2080536913,546.6440572,298819.7253,1787,0.0,1738.7,0
14041,0,1.0,0.6511627907,2.0,4.0,203.0,1815.5,3709.0,0.001562268498,0.001562268498,0.06517690875,0.8527663971,0.8826294131,0.5813953488,0.0,0.5813953488,0.0,603.0,1564.0,3709.0,0.0,0.0,0.0,603.0,1564.0,3709.0,0.0,0.0,0.0,0.2790697674,1,1.0,1.0,1.0,1.0,0.2388867009,0.2183914089,0.1052631579,0.09302325581,15.32155345,234.75,36,0.0,34.98,0
3267,0,1.0,0.4389312977,11.0,44.0,76.0,203.0,540.0,0.001207001043,0.001207001043,0.001245330012,0.001266624954,0.8657166751,0.1463104326,0.7709923664,0.1564885496,0.6870229008,141.0,661.0,769.0,44.0,60.0,160.0,155.5,683.0,769.0,44.0,71.0,168.5,0.03180661578,2,0.9904371585,0.989821883,0.9925261584,0.9929676512,0.03660455287,0.03478951245,0.05054644809,0.04840764331,343.0333333,117671.8677,1374,0.0,1276.69,0
3266,1815,0.6512027491,0.09090909091,1.0,2.0,17.0,80.0,148.0,0.002557544757,0.002557544757,0.8578680203,0.8793962236,0.9043927649,0.674571805,0.001317523057,0.8076416337,0.001317523057,5.0,19.0,98.0,1.0,1.0,1.0,7.0,18.0,94.5,1.0,1.0,1.0,0.006587615283,5,0.9391069012,0.9380764163,0.4351978172,0.436,0.5469714484,0.5482069991,0.07171853857,0.069828722,47.45182864,2251.676041,195,0.0,192.92,1
7342,0,1.0,0.6487119438,1.0,2.0,1191.0,1804.5,2211.6,0.001577310574,0.001577310574,0.854127814,0.8982038514,0.9064368026,0.6393442623,0.002341920375,0.6393442623,0.002341920375,1216.0,1558.0,2016.0,1.0,1.0,1.0,1216.0,1558.0,2016.0,1.0,1.0,1.0,0.2529274005,3,0.9949874687,0.9953161593,0.7777777778,0.773006135,0.3142049137,0.3167378236,0.06015037594,0.05620608899,17.45226625,304.5815972,44,0.0,44.0,0
50957,0,1.0,0.3428571429,1.0,3.0,38.0,3709.0,3709.6,0.001602564103,0.001602564103,0.003831417625,0.9341114257,0.9358195336,0.3428571429,0.0,0.3428571429,0.0,3709.0,3709.0,3710.0,0.0,0.0,0.0,3709.0,3709.0,3710.0,0.0,0.0,0.0,0.3428571429,1,1.0,1.0,1.0,1.0,0.2388867009,0.223147687,0.3928571429,0.3142857143,16.38634788,268.5123967,57,1.0,52.3,0
5400,0,1.0,0.6141975309,2.0,12.75,389.0,1712.25,3709.0,0.00159783033,0.00159783033,0.8503912713,0.8661878198,0.884171168,0.6790123457,0.01851851852,0.6975308642,0.01851851852,368.25,1366.5,2393.75,1.0,1.0,1.0,382.25,1368.0,2430.75,1.0,1.0,1.0,0.2808641975,4,0.7647058824,0.7901234568,0.847107438,0.8550185874,0.2479695829,0.2370539777,0.1323529412,0.1111111111,470.3998521,221276.0208,2705,0.0,2063.1,0
16094,0,1.0,0.8214285714,86.9,410.0,1253.0,1817.25,2582.5,0.8693441275,0.8693441275,0.9154366648,0.9471063021,0.9512218747,1.0,0.0,1.0,0.0,410.0,1253.0,1817.25,0.0,0.0,0.0,410.0,1253.0,1817.25,0.0,0.0,0.0,0.2857142857,1,1.0,1.0,1.0,1.0,0.2713733853,0.2333763054,0.3636363636,0.2857142857,512.1093481,262255.9844,1214,0.14,1214.0,0
3549,0,1.0,0.7475840828,21.0,126.0,259.0,473.0,535.4,0.002503132832,0.002503132832,0.003929273084,0.005050505051,0.07397959184,0.1141785882,0.08166134756,0.1373669293,0.03700314683,91.5,559.0,1385.0,49.0,113.0,215.0,74.0,444.0,1243.0,72.0,186.0,237.0,0.0499252349,5,0.9880293824,0.987814404,0.6872885266,0.6802345247,0.3867980797,0.3909529926,0.2219552009,0.2252427184,756.654648,572526.2563,3569,0.0,3218.0,0
766,0,1.0,0.5048543689,1.0,4.0,30.0,3709.0,3710.0,0.001602564103,0.001602564103,0.005742258133,0.8821093833,0.888486878,0.4466019417,0.009708737864,0.4563106796,0.009708737864,2775.5,3709.0,3710.0,1.0,1.0,1.0,3087.0,3709.0,3710.0,1.0,1.0,1.0,0.3689320388,2,0.3950617284,0.3786407767,0.9863013699,0.989010989,0.1404967978,0.1189917883,0.01234567901,0.009708737864,0.0,0.0,0,15.0,15.0,0
12637,0,1.0,0.3740458015,1.0,2.0,6.0,1059.5,2334.3,0.001510574018,0.001510574018,0.001672240803,0.8756393987,0.9010807237,0.3893129771,0.04198473282,0.3893129771,0.03816793893,761.75,1424.0,2342.75,2.0,2.0,2.0,761.75,1424.0,2342.75,2.0,2.0,2.0,0.213740458,2,0.9520958084,0.9618320611,0.9784946237,0.9824561404,0.1330644034,0.1139568112,0.07784431138,0.04961832061,693.5467971,481007.1598,2573,0.0,2345.24,0
1241,0,1.0,0.2734026746,1.0,1.0,2.0,25.0,2985.4,0.001564945227,0.001564945227,0.007672634271,0.01715686275,0.8846950976,0.1812778603,0.01931649331,0.1812778603,0.01931649331,845.5,3083.0,3707.75,1.0,1.0,2.0,845.5,3083.0,3707.75,1.0,1.0,2.0,0.1203566122,2,0.972972973,0.9777117385,0.9818181818,0.9842829077,0.06663132376,0.05660232407,0.02123552124,0.01634472511,354.9735877,126006.2479,1249,0.0,1141.6,0
11556,0,1.0,0.4922839506,1.0,2.0,69.0,920.5,1571.0,0.001529051988,0.001529051988,0.8473400556,0.8617082499,0.8858800774,0.5354938272,0.02469135802,0.5740740741,0.01388888889,121.0,712.5,1371.5,1.0,1.0,1.0,119.0,635.0,1379.5,1.0,2.0,996.0,0.09722222222,2,0.989010989,0.9922839506,0.9821428571,0.9860465116,0.06947358069,0.05692378212,0.01758241758,0.01234567901,874.2720454,764351.6094,2384,0.0,2336.47,0
16010,0,1.0,0.9703292727,663.0,756.0,756.0,756.0,756.0,0.001317523057,0.001317523057,0.001317523057,0.001317523057,0.001326259947,0.02074538656,0.9722590761,0.02581112049,0.9112290435,30.0,749.5,1543.75,756.0,756.0,756.0,18.0,242.5,1761.0,756.0,756.0,756.0,0.005427572066,3,0.999876467,0.9998793873,0.9992112528,0.9992305719,0.005022184036,0.004913054344,0.008029647931,0.01049330599,445.8408597,198774.0721,1318,0.0,1318.0,0
22258,0,1.0,0.6693227092,2.0,3.0,1273.0,3381.0,3526.0,0.001523237198,0.001523237198,0.002570694087,0.003838785735,0.8826086957,0.2071713147,0.07171314741,0.219123506,0.00796812749,720.5,1337.0,1454.0,69.25,136.5,203.75,799.5,1406.5,1454.0,605.0,1559.0,1813.5,0.3944223108,1,1.0,1.0,1.0,1.0,0.07442949958,0.07442949958,0.07171314741,0.07171314741,378.6433589,143370.7932,1183,0.0,1137.1,0
36733,4,0.9989218329,0.9012345679,93.3,508.0,1165.5,1893.75,2984.0,0.002259555138,0.002259555138,0.003460207612,0.004155124654,0.01327140597,0.1790123457,0.06172839506,0.2469135802,0.03703703704,509.5,947.0,1609.75,246.5,248.0,248.0,714.0,1176.0,2097.0,246.5,248.0,1433.75,0.3395061728,2,0.9932432432,0.9938271605,0.9913043478,0.9921875,0.09932864911,0.09133332438,0.01351351351,0.01234567901,600.5,360600.25,1201,15.01,1191.99,0
202746,1205,0.8994614004,0.34375,3.0,7.75,64.0,231.0,258.0,0.001592360725,0.001592360725,0.8948717949,0.899482533,0.9014528193,0.7708333333,0.01041666667,0.7916666667,0.01041666667,34.75,122.5,252.0,1.0,1.0,1.0,34.25,140.5,252.0,1.0,1.0,1.0,0.0625,4,0.9642857143,0.96875,0.6388888889,0.6315789474,0.4781905586,0.485942626,0.380952381,0.3333333333,48.43128992,2345.589844,265,3.0,210.34,1
36351,0,1.0,0.384782973,1.0,2.0,11.0,655.0,2198.2,0.001591090904,0.001591090904,0.01552393273,0.9035812672,0.9187029543,0.4042232278,0.02832244009,0.4114295291,0.02295961119,256.0,989.0,2168.0,1.0,1.0,2.0,281.75,1004.5,2186.5,1.0,2.0,3.0,0.1649907826,5,0.6525131555,0.6723646724,0.4988325196,0.4813851081,0.4361945106,0.4359974131,0.06659408456,0.06267806268,567.3404868,321875.2279,3000,0.0,1848.97,0
6461,0,1.0,0.6340677055,3.0,13.0,690.0,844.0,1707.0,0.001628664495,0.001628664495,0.6636250602,0.874005305,0.9157088123,0.6410531972,0.008060182697,0.6609349812,0.003761418592,455.25,796.0,1188.75,3.0,6.0,8.5,459.0,796.0,1153.0,6.0,10.0,60.5,0.1536808168,5,0.9864940912,0.9865663622,0.8256,0.8204334365,0.2701724518,0.2746068541,0.2689926843,0.2575268817,432.8224164,187335.2442,3511,0.0,1996.0,0
14135,0,1.0,0.6404494382,2.0,6.0,137.0,2142.0,3709.2,0.001594414229,0.001594414229,0.8571428571,0.8704321812,0.8827275299,0.5730337079,0.01123595506,0.5730337079,0.01123595506,687.0,1619.0,3709.0,5.0,5.0,5.0,687.0,1619.0,3709.0,5.0,5.0,5.0,0.2808988764,3,1.0,1.0,0.9310344828,0.9459459459,0.2321937577,0.1957328797,0.109375,0.07865168539,58.14724448,3381.102041,167,0.06,157.04,0
29632,0,1.0,0.3095994914,2.0,2.0,2.0,205.0,580.6,0.0016614078,0.0016614078,0.004291845494,0.004291845494,0.06482163966,0.1557533376,0.05657978385,0.2682771774,0.04831532104,6.0,394.0,888.75,2.0,2.0,2.0,6.0,6.0,395.0,2.0,2.0,2.0,0.01780038144,4,0.9813023856,0.9809281627,0.5851528384,0.6081632653,0.3491415125,0.3422554853,0.2823984526,0.284806103,365.3002456,133444.2695,3176,0.47,2535.49,1
43541,0,1.0,0.5042735043,2.0,9.0,194.0,843.0,2186.8,0.001549569618,0.001549569618,0.01985111663,0.860279289,0.8737913486,0.4358974359,0.008547008547,0.5641025641,0.008547008547,120.0,714.5,965.0,2.0,2.0,2.0,414.5,915.0,1983.5,2.0,2.0,2.0,0.1367521368,3,0.9805825243,0.9829059829,0.9761904762,0.9772727273,0.1461585274,0.1411464436,0.08737864078,0.07692307692,116.5540197,13584.83951,382,0.0,354.96,0
7018,0,1.0,0.5079234564,1.0,2.0,30.0,523.0,2104.3,0.002352941176,0.002352941176,0.4352967917,0.8526315789,0.8645651304,0.5170429063,0.0470174914,0.5272835999,0.02773209747,116.0,511.0,1432.25,2.0,3.0,5.0,135.0,523.0,1457.0,2.0,4.0,8.0,0.1347735087,5,0.984978343,0.9874420691,0.8335876407,0.860326087,0.2527474512,0.2242097992,0.1915030873,0.1557150333,235.0951007,55269.70636,3507,0.0,1235.66,0
7016,0,1.0,0.3940379404,1.0,2.0,9.0,1233.0,1689.2,0.001510574018,0.001510574018,0.002577319588,0.8202699421,0.8893251647,0.2715447154,0.03631436314,0.2742547425,0.0027100271,875.0,1370.0,1455.0,1.0,1.0,2.0,881.0,1370.0,1455.0,603.0,1170.0,1735.5,0.1008130081,3,0.9977863863,0.9978319783,0.9852941176,0.9862637363,0.06550921908,0.06196996971,0.03320420587,0.03306233062,469.0161001,219976.1021,1340,0.0,1340.0,0
7015,0,1.0,0.3356504469,1.0,1.0,4.0,914.0,1452.0,0.001510574018,0.001510574018,0.0016,0.8124094956,0.8890488613,0.269612711,0.01713008937,0.2708540218,0.004716981132,792.0,1187.0,1452.0,2.0,2.0,224.5,800.0,1191.5,1452.0,166.0,604.0,1506.0,0.07174776564,4,0.9994918699,0.9995034757,0.9896551724,0.9901315789,0.04706924315,0.04525329191,0.04776422764,0.04716981132,503.6787527,253692.2859,3659,0.0,1707.05,0
19782,0,1.0,0.6658653846,2.0,10.0,721.0,1750.0,3219.0,0.001480385711,0.001480385711,0.003669724771,0.005394478036,0.2390373481,0.2307692308,0.1129807692,0.2836538462,0.06730769231,10.25,280.0,724.0,1.0,2.0,3.0,12.5,280.0,724.0,2.0,3.0,7.5,0.3052884615,2,0.9973474801,0.9975961538,0.9966101695,0.996763754,0.04645607237,0.04470280051,0.04774535809,0.04819277108,1105.306079,1221701.528,3729,0.0,3729.0,0
20001,0,1.0,0.4116972477,1.0,2.0,61.0,257.75,3099.0,0.002392348605,0.002392348605,0.072319202,0.09335219236,0.8553921569,0.5143348624,0.01949541284,0.5344036697,0.01376146789,131.25,235.0,1489.25,1.0,1.5,3.25,129.0,233.0,1694.0,1.0,3.0,220.0,0.1358944954,2,1.0,1.0,0.9987654321,0.999106345,0.01977733232,0.01496299556,0.02489331437,0.02008032129,773.6658172,598558.7967,3042,0.0,3038.6,0
8560,0,1.0,0.5287356322,1.0,4.0,86.0,774.0,3365.0,0.001582278481,0.001582278481,0.8684863524,0.8957781428,0.8993377483,0.5593869732,0.01915708812,0.5747126437,0.007662835249,237.5,611.0,2880.0,6.0,11.0,16.0,266.25,669.5,2880.75,3.0,18.0,21.0,0.1877394636,2,0.9953703704,0.9961685824,0.8736263736,0.8669950739,0.2088241358,0.2103148108,0.2314814815,0.1915708812,1112.101468,1236769.676,2708,0.0,2707.51,0
1273,0,1.0,0.3868766404,1.0,2.0,5.0,839.0,2132.0,0.002392344498,0.002392344498,0.002512562814,0.8508997429,0.8686868687,0.3805774278,0.02467191601,0.3847769029,0.02152230971,535.0,1141.0,2134.0,1.0,1.0,1.0,571.0,1145.0,2146.0,1.0,1.0,1.0,0.1580052493,5,0.9302963776,0.9291338583,0.7209976798,0.7225013959,0.3759109295,0.37320593,0.07958287596,0.07615546218,514.1159467,264315.2067,3164,0.0,2610.92,0
8426,0,1.0,0.4913793103,1.0,3.0,51.0,1505.5,3552.2,0.001510574018,0.001510574018,0.003717472119,0.8801145853,0.8911048173,0.3862068966,0.0775862069,0.3982758621,0.05,902.0,2065.0,3565.0,475.0,612.0,1119.0,910.0,2065.0,3707.5,555.0,1117.0,1417.0,0.2413793103,4,0.9020501139,0.9172413793,0.9847560976,0.9847328244,0.06890386337,0.06429091244,0.1662870159,0.1275862069,404.7558012,163827.2586,1912,0.0,1500.28,0
20940,0,1.0,0.7517065486,2.0,22.0,830.0,1563.0,2433.0,0.001572327044,0.001572327044,0.8480913946,0.8728179551,0.9051490515,0.7283774661,0.02677968645,0.7514064961,0.01987847873,606.0,1178.0,1858.0,1.0,1.0,4.0,649.0,1197.0,1891.75,1.0,2.0,4.0,0.2546320606,5,0.9961360124,0.9963993699,0.8208886324,0.8213355558,0.2585962183,0.2564194107,0.2216211575,0.1972391027,517.2974372,267596.6385,3108,0.0,2499.52,0
263444,0,1.0,0.09426229508,1.0,1.0,4.0,20.25,57.2,0.001323402418,0.001323402418,0.006128939363,0.03441846411,0.5025864996,0.2418032787,0.1352459016,0.2950819672,0.1352459016,4.0,17.0,395.75,1.0,1.0,1.0,4.0,17.0,1488.5,1.0,1.0,1.0,0.05327868852,4,1.0,1.0,0.8139534884,0.8279569892,0.280107931,0.2665114684,0.4541284404,0.4385245902,129.3422782,16729.42493,777,0.0,776.64,0
37100,0,1.0,0.140625,1.0,1.0,2.0,8.0,328.8,0.001672240803,0.001672240803,0.002512562814,0.003629776021,0.881231104,0.1875,0.0,0.1875,0.0,3.0,198.5,2586.25,0.0,0.0,0.0,3.0,198.5,2586.25,0.0,0.0,0.0,0.0625,3,0.9700598802,0.9739583333,0.9788732394,0.9806451613,0.1095530575,0.1022999035,0.1976047904,0.1727748691,241.6854044,58411.83471,1326,0.0,1072.24,0
20214,0,1.0,0.5114416476,1.0,2.0,233.5,1459.0,3520.0,0.001529051988,0.001529051988,0.002577319588,0.3714953271,0.8891966759,0.2780320366,0.04919908467,0.2871853547,0.004576659039,740.5,1277.0,1455.0,1.0,1.0,1.0,740.5,1334.0,1455.0,604.0,1516.0,1951.5,0.1979405034,2,1.0,1.0,0.9964788732,0.9964912281,0.04794120412,0.04780198033,0.05074971165,0.05034324943,379.0372537,143669.2397,1175,0.0,1175.0,0
2497,0,1.0,0.5296610169,1.0,3.0,59.5,1598.0,3709.0,0.001602564103,0.001602564103,0.009803921569,0.8597792583,0.8773115051,0.4378531073,0.00988700565,0.4378531073,0.005649717514,851.5,1954.5,3709.0,2.0,2.0,2.75,851.5,1954.5,3709.0,2.0,3.0,3.5,0.2528248588,3,0.9925925926,0.9943502825,0.9693877551,0.9680511182,0.08291966687,0.08050765499,0.09259259259,0.07062146893,183.2937577,33596.6016,1305,0.0,751.79,0
58587,1791,1.0,0.8095238095,7.0,27.0,236.0,1627.0,1919.0,0.002538071066,0.002538071066,0.01481481481,0.8867436597,0.8898678414,0.7142857143,0.0,0.7142857143,0.0,209.5,1498.0,1711.5,0.0,0.0,0.0,209.5,1498.0,1711.5,0.0,0.0,0.0,0.4285714286,2,1.0,1.0,0.9090909091,0.9375,0.4505337622,0.3761250226,0.0625,0.04761904762,0.0,0.0,0,8.0,8.0,0
33668,0,1.0,0.5147928994,2.0,9.0,132.0,1766.0,3523.0,0.001579778831,0.001579778831,0.003267973856,0.006509998071,0.8707482993,0.2144970414,0.05325443787,0.2189349112,0.004437869822,665.5,1228.0,1470.75,1.5,2.0,35.5,681.0,1269.0,1473.0,604.75,1233.0,1824.0,0.2618343195,2,1.0,1.0,0.99669967,0.9968553459,0.04543650732,0.04364870144,0.05623100304,0.05473372781,568.1205556,322760.9657,2736,0.0,2275.2,0
33667,0,1.0,0.6058282209,2.0,9.0,621.0,2026.5,3523.0,0.001569982129,0.001569982129,0.003267973856,0.3330061698,0.875,0.3328220859,0.05828220859,0.3389570552,0.009202453988,598.0,986.0,1297.0,2.0,2.0,2.75,598.0,1029.0,1297.0,98.5,1057.5,1714.25,0.2883435583,3,1.0,1.0,0.9797979798,0.9799331104,0.08031067622,0.07987820508,0.3081664099,0.3082822086,933.0644413,870609.2517,3705,0.0,3699.0,0
33666,0,1.0,0.9307692308,479.0,1281.25,3154.5,3525.0,3526.0,0.00159860518,0.00159860518,0.002577319588,0.002577319588,0.0103626943,0.1307692308,0.09230769231,0.1461538462,0.0,745.0,1399.0,1535.5,0.0,0.0,0.0,687.0,1399.0,1553.0,1608.25,1842.0,2134.25,0.6769230769,1,1.0,1.0,1.0,1.0,0.09109535468,0.09040928324,0.0546875,0.05384615385,451.8099655,204132.2449,1006,0.6,1005.88,0
33662,0,1.0,0.6336633663,1.0,4.0,621.0,1332.0,2847.2,0.001512405017,0.001512405017,0.002976190476,0.8728010825,0.8879474775,0.4376237624,0.09108910891,0.4415841584,0.00396039604,319.0,1099.0,1329.0,1.25,1.5,1.75,319.0,1099.0,1329.0,604.0,1235.5,1745.5,0.200990099,3,1.0,1.0,0.9902439024,0.9903381643,0.07284465598,0.07227563744,0.07768924303,0.07920792079,395.8187077,156672.4494,1446,0.0,1321.2,0
33661,0,1.0,0.8263305322,2.0,605.0,1670.0,3523.0,3526.0,0.001568874475,0.001568874475,0.002577319588,0.006578947368,0.8599235669,0.2352941176,0.07843137255,0.2521008403,0.005602240896,817.5,1307.5,1455.0,232.0,245.0,258.0,810.5,1449.0,1518.0,1057.25,1670.0,1912.25,0.487394958,2,1.0,1.0,0.9958333333,0.9958333333,0.05507319456,0.05507319456,0.06017191977,0.05882352941,472.0132449,222796.5034,1441,0.0,1361.4,0
33660,0,1.0,0.5332068311,1.0,2.0,278.0,1385.0,3519.0,0.001510574018,0.001510574018,0.002577319588,0.8286260969,0.8891998237,0.3320683112,0.06072106262,0.3415559772,0.01138519924,626.75,1344.0,1385.0,1.0,1.5,2.0,624.5,1334.0,1385.0,189.5,752.0,1472.5,0.1840607211,1,1.0,1.0,1.0,1.0,0.06288758748,0.06288758748,0.034416826,0.03415559772,379.6449446,144130.284,920,0.0,919.66,0
63927,408,1.0,0.5402298851,3.0,9.0,168.0,1173.0,1875.2,0.001366876936,0.001366876936,0.002383790226,0.6539162798,0.8934382752,0.2873563218,0.2298850575,0.5517241379,0.1264367816,163.25,943.5,1717.5,18.0,90.0,251.0,90.0,623.0,1702.0,83.5,368.0,1044.25,0.1954022989,3,0.9130434783,0.9310344828,0.8392857143,0.8571428571,0.32855382,0.2984887975,0.2898550725,0.2413793103,525.7143418,276375.5692,2478,0.0,2060.4,0
27553,0,1.0,0.8536585366,71.6,806.0,1585.0,2207.25,2897.5,0.001602564103,0.001602564103,0.9109922517,0.941521694,0.9492385787,0.8658536585,0.0487804878,0.8780487805,0.0487804878,1068.0,1739.0,2359.0,80.5,104.0,104.0,1068.0,1739.0,2430.0,80.5,104.0,104.0,0.4024390244,1,1.0,1.0,1.0,1.0,0.1310321606,0.1151543295,0.5076923077,0.4024390244,12.79599053,163.7373737,75,0.0,51.32,0
237,0,1.0,0.3806451613,1.0,2.0,16.0,355.0,2259.0,0.001530928125,0.001530928125,0.1170212766,0.8671052632,0.9102747759,0.5182795699,0.03655913978,0.5677419355,0.01935483871,27.5,167.0,1435.25,1.0,1.0,2.0,22.0,130.0,1366.0,1.0,3.0,5.0,0.1376344086,4,1.0,1.0,0.9898989899,0.9915014164,0.06145172876,0.05329928962,0.1111111111,0.09247311828,869.9129688,756748.5733,3266,0.0,3201.32,0
1136,0,1.0,0.6737830914,1.0,5.5,819.0,2379.0,2380.0,0.002506265664,0.002506265664,0.8398058252,0.8743654168,0.8806349894,0.5909479078,0.01537147737,0.5918018787,0.01366353544,900.0,2085.0,2380.0,1.75,2.0,3.25,900.0,2085.5,2380.0,2.0,2.5,3.75,0.293766012,2,0.8546255507,0.8625106746,0.9928656361,0.9944392956,0.03271299399,0.02652901978,0.3039647577,0.2877882152,647.3161449,419018.1914,3313,0.0,1645.4,0
44582,1093,0.718956044,0.375,1.0,2.0,3.0,298.75,781.8,0.001510574018,0.001510574018,0.2321578505,0.8874469666,0.8895877002,0.53125,0.0,0.53125,0.0,13.0,298.0,375.0,0.0,0.0,0.0,13.0,298.0,375.0,0.0,0.0,0.0,0.0625,3,1.0,1.0,0.4666666667,0.5,0.5859366275,0.576251197,0.1785714286,0.1875,2.793842436,7.805555556,8,0.0,7.75,1
8075,0,1.0,0.4899598394,1.0,2.0,62.0,666.0,2374.0,0.001553480516,0.001553480516,0.53515625,0.9320461333,0.9473399716,0.5373493976,0.07309236948,0.5469879518,0.06666666667,280.0,628.0,1563.0,1.0,2.0,4.0,287.0,629.0,1565.0,2.0,2.0,4.0,0.124497992,5,0.9389895138,0.9453815261,0.7114754098,0.7365439093,0.3880042623,0.369102421,0.2573879886,0.2224899598,406.3338438,165107.1926,2887,0.0,1469.12,0
36732,5,0.9986522911,0.8648648649,76.8,1387.75,2720.0,3525.0,3526.0,0.001522144522,0.001522144522,0.002577319588,0.00272479564,0.009118154215,0.1081081081,0.1891891892,0.1216216216,0.04054054054,1441.0,1525.0,2073.0,160.5,219.0,219.5,1189.75,1690.0,2073.0,219.25,1473.5,1860.5,0.6486486486,1,1.0,1.0,1.0,1.0,0.1310321606,0.1295280436,0.04109589041,0.04054054054,1224.79631,1500126.0,2859,24.84,2826.66,0
1403,0,1.0,0.5925925926,2.0,4.25,281.0,282.0,1410.5,0.001591090904,0.001591090904,0.002564102564,0.8116592471,0.8579091171,0.2839506173,0.0,0.304526749,0.0,194.0,786.0,1549.75,0.0,0.0,0.0,198.0,786.0,1622.0,0.0,0.0,0.0,0.08641975309,2,1.0,1.0,0.9966101695,0.9973890339,0.04645607237,0.03736989461,0.03107344633,0.02263374486,5.462115958,29.83471074,19,1.0,18.1,0
33489,0,1.0,0.7788235294,2.0,367.0,1399.0,3520.0,3526.0,0.001529051988,0.001529051988,0.002577319588,0.006578947368,0.8880132276,0.2352941176,0.09176470588,0.2541176471,0.004705882353,923.0,1399.0,1399.0,4.5,7.0,9.5,944.25,1399.0,1399.0,605.0,1555.0,1985.5,0.4447058824,2,1.0,1.0,0.992,0.9920634921,0.06110880321,0.06071340405,0.07345971564,0.07294117647,425.7322638,181247.9605,1096,0.0,1080.1,0
36629,2028,0.478112564,0.7356321839,1.0,8.5,330.0,948.5,1249.2,0.002534274232,0.002534274232,0.04143646409,0.2433588875,0.6018300654,0.6436781609,0.02298850575,0.7126436782,0.02298850575,180.0,710.0,1035.25,1.0,1.0,1.0,177.75,694.5,951.25,1.0,1.0,1.0,0.367816092,1,1.0,1.0,1.0,1.0,0.1266296344,0.1163170743,0.8481012658,0.7701149425,791.7773682,626911.4008,3514,0.0,2869.84,0
36625,1049,0.7172506739,0.811965812,6.0,87.0,585.0,971.0,1512.6,0.001474926254,0.001474926254,0.03680981595,0.1986970684,0.424882368,0.5726495726,0.1623931624,0.6923076923,0.0,580.0,748.0,1166.0,0.0,0.0,0.0,585.0,945.0,1300.5,3.0,87.0,87.0,0.2905982906,2,1.0,1.0,0.987012987,0.9882352941,0.1350108545,0.1253239686,0.7247706422,0.6752136752,1003.861322,1007737.554,3599,160.42,3729.0,0
13367,0,1.0,0.4900181488,1.0,4.0,79.0,1340.0,3519.0,0.001529051988,0.001529051988,0.002877703799,0.009804190434,0.8881469115,0.2540834846,0.06533575318,0.2595281307,0.01270417423,679.5,1335.0,1336.0,1.0,1.0,1.5,667.0,1335.0,1336.0,354.0,868.0,1940.5,0.2087114338,1,1.0,1.0,1.0,1.0,0.0596601188,0.0596601188,0.06032906764,0.05989110708,408.6428747,166988.9991,1164,0.0,1094.88,0
559,0,1.0,0.7245508982,3.0,62.0,285.0,286.0,3144.3,0.001366120219,0.001366120219,0.001545595054,0.005115089514,0.9023056587,0.1886227545,0.3413173653,0.2415169661,0.3333333333,289.0,1557.0,3709.0,189.0,286.0,286.0,669.0,3183.0,3709.0,192.75,286.0,286.0,0.124750499,2,0.4982497083,0.4900199601,0.9962825279,0.9968203498,0.03235497658,0.02835105594,0.01633605601,0.01397205589,613.6928742,376618.9439,1749,0.0,1722.22,0
553,0,1.0,0.2732793522,5.3,23.25,42.0,218.0,2908.9,0.001384089011,0.001384089011,0.002638522427,0.0112517655,0.8854415274,0.2388663968,0.1315789474,0.2408906883,0.1315789474,2246.0,2247.0,3709.0,12.0,12.0,32.0,2246.0,2247.0,3709.0,12.0,12.0,32.0,0.2145748988,3,0.3479212254,0.3724696356,0.9444444444,0.9465116279,0.1221357389,0.1186869368,0.03719912473,0.03441295547,1567.667279,2457580.699,3729,0.32,3729.0,0
5408,0,1.0,0.7260273973,1.0,9.0,1220.0,2716.0,3709.0,0.001567398119,0.001567398119,0.4111310414,0.886500066,0.8934305339,0.6849315068,0.04109589041,0.6849315068,0.04109589041,1220.0,1674.0,3708.0,1.0,1.0,1.0,1220.0,1674.0,3708.0,1.0,1.0,1.0,0.3150684932,2,0.6875,0.7123287671,0.9245283019,0.9298245614,0.2385426446,0.2271640596,0.09375,0.08333333333,289.4704456,83793.13889,813,1.4,799.5,0
5539,0,1.0,0.31,1.0,2.0,4.0,883.25,3678.4,0.001510574018,0.001510574018,0.00243902439,0.8776029777,0.890213055,0.33,0.02,0.34,0.02,883.25,2394.5,3709.0,2.0,2.0,2.0,971.0,2546.0,3709.0,2.0,2.0,2.0,0.2,4,0.9210526316,0.94,0.7916666667,0.8039215686,0.3850776449,0.3713584478,0.09210526316,0.07,25.37554664,643.9183673,77,0.0,73.28,0
11025,219,1.0,0.7142857143,8.7,51.75,1073.0,2495.75,3490.0,0.009569432759,0.009569432759,0.8559837728,0.8769230769,0.8969465649,0.8048780488,0.0,0.8048780488,0.0,609.0,2239.0,3460.0,0.0,0.0,0.0,609.0,2239.0,3460.0,0.0,0.0,0.0,0.4285714286,1,1.0,1.0,1.0,1.0,0.2053625159,0.1806606535,0.1470588235,0.1219512195,5.713142743,32.64,14,2.0,15.76,0
3320,0,1.0,0.5106227106,2.0,4.0,39.0,317.5,2034.8,0.001523237198,0.001523237198,0.007731958763,0.853823283,0.8639947545,0.3946275946,0.08742368742,0.3953601954,0.08034188034,184.0,761.0,2072.0,2.0,4.0,7.0,184.0,770.0,2073.25,2.0,4.0,7.0,0.1318681319,4,0.8167305236,0.8395604396,0.9485674836,0.9598425197,0.1108991457,0.09105988132,0.1436781609,0.1106227106,318.8401577,101659.0462,3729,0.0,1705.0,0
33287,0,1.0,0.3862785863,1.0,2.0,5.0,785.0,1275.0,0.001510574018,0.001510574018,0.001602568218,0.6614487249,0.8875912409,0.2997920998,0.03534303534,0.3014553015,0.01081081081,683.0,905.0,1275.0,1.25,6.0,85.75,688.0,905.0,1275.0,85.0,604.0,1079.0,0.05987525988,3,1.0,1.0,0.9855421687,0.9860788863,0.06012465052,0.05829507479,0.1298646362,0.1284823285,777.923115,605164.3729,3714,0.0,2964.56,0
19115,433,1.0,0.6059907834,1.0,6.0,89.0,334.0,1649.7,0.001325381629,0.001325381629,0.001499250375,0.003065135899,0.8822382706,0.2258064516,0.4861751152,0.2718894009,0.3525345622,87.0,1143.0,1943.0,89.0,122.0,220.0,458.75,1429.0,2193.0,89.0,174.0,221.5,0.1129032258,1,1.0,1.0,1.0,1.0,0.04280953158,0.04026670073,0.03,0.02764976959,123.7923889,15324.55556,357,0.0,352.82,0
9002,0,1.0,0.1560846561,2.0,9.0,80.0,80.0,490.0,0.001948373331,0.001948373331,0.001971415925,0.002476786858,0.844649075,0.1375661376,0.001322751323,0.1402116402,0.0,467.25,1011.0,1612.75,0.0,0.0,0.0,469.75,1011.0,1638.5,1829.0,1829.0,1829.0,0.04761904762,3,0.970027248,0.9682539683,0.9094488189,0.9132075472,0.1711568578,0.1660892282,0.4196185286,0.4132450331,237.7661754,56532.75418,2131,0.0,1236.34,0
9009,0,1.0,0.1807161157,2.0,2.0,2.0,13.0,724.5,0.002877703799,0.002877703799,0.002877703799,0.008415818947,0.8608725596,0.2194276073,0.01471599075,0.2272073986,0.0094357308,117.0,591.0,1262.25,1.0,1.0,2.0,117.0,603.0,1262.0,1.0,2.0,50.0,0.05336499406,5,0.9715292933,0.9725051553,0.8722183904,0.8694034944,0.1959363497,0.1987908869,0.05519556824,0.05249179816,387.3021578,150002.9614,2764,0.0,2117.27,1
33363,0,1.0,0.4833766234,1.0,2.0,23.0,1078.0,2423.8,0.001560062402,0.001560062402,0.007772020725,0.8978534784,0.9461188734,0.4755844156,0.02,0.4818181818,0.01766233766,479.5,1108.0,2075.0,3.0,89.0,89.0,508.5,1112.0,2078.0,3.0,89.0,89.0,0.1571428571,2,1.0,1.0,0.9981900452,0.9985925405,0.01751286997,0.01409090505,0.05386996904,0.04623376623,332.7525952,110724.2896,2698,0.0,1870.76,0
36628,1824,0.9397110115,0.6086956522,1.1,23.75,329.5,876.25,1301.8,0.007518782519,0.007518782519,0.07729648992,0.115755627,0.1660714286,0.7282608696,0.0,0.7717391304,0.0,126.0,728.0,1042.0,0.0,0.0,0.0,209.0,795.0,1043.0,0.0,0.0,0.0,0.2391304348,2,1.0,1.0,0.9571428571,0.9625,0.1814766497,0.1648116437,0.8170731707,0.7282608696,546.6192925,298792.6509,1593,0.0,1593.0,0
36624,1953,0.9859708193,0.7375,3.9,90.5,530.0,1077.5,1418.1,0.003381045184,0.003381045184,0.09934836135,0.1469457014,0.3068754255,0.775,0.0,0.7875,0.0,223.0,829.0,1164.0,0.0,0.0,0.0,223.0,821.0,1164.0,0.0,0.0,0.0,0.4625,1,1.0,1.0,1.0,1.0,0.1391631767,0.1266296344,0.8472222222,0.7625,554.7650849,307764.2994,1690,0.0,1690.0,0
36626,1505,0.6049382716,0.8842105263,32.8,238.0,606.0,852.0,1420.4,0.0147555425,0.0147555425,0.03986710963,0.07620967742,0.2425633296,0.6947368421,0.0,0.8842105263,0.0,434.0,672.5,932.0,0.0,0.0,0.0,354.5,650.5,853.0,0.0,0.0,0.0,0.3473684211,2,1.0,1.0,0.9866666667,0.987012987,0.1376943027,0.1350108545,0.9569892473,0.9368421053,1072.004153,1149192.903,3664,4.4,3664.0,0
36627,2387,0.3755322169,0.6388888889,1.0,4.5,85.0,299.0,543.7,0.001460241423,0.001460241423,0.006380076295,0.0593220339,0.3619115044,0.4583333333,0.1111111111,0.7222222222,0.1111111111,25.5,107.5,370.0,1.0,1.0,1.0,5.0,36.0,108.0,1.0,1.0,1.0,0.1111111111,2,1.0,1.0,0.9824561404,0.9830508475,0.1684089997,0.1642685884,0.9428571429,0.9166666667,1213.629929,1472897.605,3528,0.0,3440.25,0
36620,1937,0.7964959569,0.7352941176,41.7,150.25,817.5,1025.5,1555.6,0.01149425287,0.01149425287,0.07948653168,0.1421866442,0.1719322637,0.7647058824,0.0,0.8529411765,0.0,381.25,874.0,1057.0,0.0,0.0,0.0,329.75,912.5,1069.75,0.0,0.0,0.0,0.4705882353,2,1.0,1.0,0.9642857143,0.9655172414,0.1926853811,0.1879718108,0.8939393939,0.8676470588,548.5360727,300891.823,1618,0.0,1614.52,0
36621,1910,0.8086253369,0.7105263158,1.0,98.5,674.0,1023.5,1479.0,0.007444168734,0.007444168734,0.08322440087,0.1544991935,0.891956857,0.8552631579,0.0,0.8684210526,0.0,240.0,771.5,1101.75,0.0,0.0,0.0,240.0,776.0,1103.0,0.0,0.0,0.0,0.4342105263,2,1.0,1.0,0.95,0.953125,0.2023431475,0.1933922108,0.8194444444,0.7763157895,575.2194605,330877.4278,2130,5.22,1874.8,0
36622,1977,0.997697179,0.6086956522,6.0,18.25,223.0,819.0,1334.8,0.00394016823,0.00394016823,0.1343877636,0.2557522294,0.4561801336,0.652173913,0.0,0.6739130435,0.0,207.0,793.0,987.0,0.0,0.0,0.0,257.25,813.0,987.0,0.0,0.0,0.0,0.2391304348,2,1.0,1.0,0.9857142857,0.987804878,0.1449422928,0.1287744723,0.85,0.7391304348,507.1019123,257152.3495,1535,0.0,1535.0,0
36623,495,0.8665768194,0.7844827586,6.0,76.0,956.0,1389.0,1745.0,0.004670529749,0.004670529749,0.04409157441,0.2781787549,0.34375,0.7327586207,0.01724137931,0.7586206897,0.0,344.0,1184.5,1432.0,0.0,0.0,0.0,317.0,1177.0,1444.0,403.0,403.0,403.0,0.275862069,2,1.0,1.0,0.976744186,0.9787234043,0.1411076291,0.1319960231,0.8703703704,0.8362068966,1000.959883,1001920.688,3729,0.0,3701.16,0
10796,0,1.0,0.6205673759,1.0,2.0,89.0,3431.75,3710.0,0.002352941176,0.002352941176,0.01005025126,0.8549422336,0.859638226,0.4893617021,0.02881205674,0.4982269504,0.02703900709,794.5,3441.0,3710.0,2.0,89.0,173.0,822.0,3510.5,3710.0,3.0,89.0,173.0,0.3218085106,2,1.0,1.0,0.9993706734,0.9995253916,0.01102788252,0.008612835965,0.03708063567,0.02792553191,227.969609,51970.14261,1288,0.0,1046.2,0
203040,2842,0.3084577114,0.09523809524,2.0,31.0,79.0,118.0,143.0,0.01015228426,0.01015228426,0.8744650499,0.9389909141,0.9389909141,0.8571428571,0.09523809524,0.8571428571,0.09523809524,31.5,90.0,118.0,2.0,2.0,2.0,31.5,90.0,118.0,2.0,2.0,2.0,0.04761904762,3,1.0,1.0,0.5,0.5714285714,0.6376050742,0.6184917646,0.3,0.2857142857,1.802775638,3.25,4,0.0,4.0,1
42861,41,0.9889487871,0.08378588053,3.0,3.0,3.0,17.0,76.0,0.002518891688,0.002518891688,0.002518891688,0.002604166667,0.003262651423,0.05585725369,0.01861908456,0.05585725369,0.01861908456,247.5,408.5,1087.75,6.0,6.0,6.0,247.5,408.5,1087.75,6.0,6.0,6.0,0.01163692785,5,0.9241323648,0.9239720714,0.4043715847,0.4193262411,0.5596188809,0.5553036386,0.7046004843,0.6824534161,159.7915452,25533.3379,3180,0.0,175.1,0
58599,512,0.8619946092,0.3548387097,1.0,2.0,6.0,920.5,2121.0,0.001572327044,0.001572327044,0.0867768595,0.8544626256,0.883248731,0.6774193548,0.0,0.6774193548,0.0,2.0,463.0,1449.0,0.0,0.0,0.0,2.0,463.0,1449.0,0.0,0.0,0.0,0.1935483871,1,1.0,1.0,1.0,1.0,0.2960195787,0.2641198242,0.2857142857,0.1935483871,7.979139469,63.66666667,25,0.25,24.35,0
16509,0,1.0,0.4445320025,1.0,2.0,30.0,828.0,1696.0,0.001529051988,0.001529051988,0.007772020725,0.8688479582,0.9113924051,0.4834661296,0.03624901497,0.4897994922,0.03122902256,339.0,841.0,1571.0,1.0,2.0,68.0,352.0,842.0,1576.0,1.0,3.0,59.0,0.1046318186,5,0.9873480281,0.9887342031,0.9349454865,0.9398461609,0.1221969808,0.1157235512,0.05558301209,0.05151780502,443.9619386,197102.203,2061,0.0,1625.0,0
57286,0,1.0,0.7692307692,3.0,20.0,1043.5,3633.75,3709.0,0.003593163708,0.003593163708,0.849009901,0.8564705882,0.8663781209,0.8,0.04,0.8,0.04,695.0,1768.5,3706.75,1.0,1.0,1.0,695.0,1768.5,3706.75,1.0,1.0,1.0,0.3461538462,1,1.0,1.0,1.0,1.0,0.2872758011,0.2508110198,0.25,0.2,792.8476272,628607.36,2238,33.48,2185.64,0
327814,599,1.0,0.3554216867,2.0,8.0,36.5,281.5,2094.5,0.002564102564,0.002564102564,0.8591972726,0.8775245183,0.8905353965,0.7590361446,0.01204819277,0.7951807229,0.01204819277,21.75,89.0,662.5,1.0,1.0,1.0,24.0,113.0,701.5,1.0,1.0,1.0,0.156626506,5,0.7482014388,0.7469879518,0.776119403,0.8113207547,0.3733152362,0.3332828797,0.3669064748,0.3373493976,524.7662405,275379.6071,2777,0.55,2394.75,1
203201,1053,1.0,0.4242424242,2.0,5.0,83.0,1302.0,1969.2,0.001583787809,0.001583787809,0.01688784122,0.8799212598,0.8938529299,0.4848484848,0.0303030303,0.5454545455,0.0303030303,86.5,1222.0,1762.25,44.0,44.0,44.0,154.75,1354.0,1859.75,44.0,44.0,44.0,0.2424242424,1,1.0,1.0,1.0,1.0,0.3153815403,0.2872758011,0.2,0.1515151515,32.76339421,1073.44,73,0.04,73.0,0
103,0,1.0,0.6296296296,1.0,3.25,1562.0,3709.0,3710.0,0.001566178588,0.001566178588,0.9463937666,0.9551540924,0.9613744654,0.6296296296,0.01851851852,0.6296296296,0.01851851852,1562.0,2218.5,3710.0,1.0,1.0,1.0,1562.0,2218.5,3710.0,1.0,1.0,1.0,0.4259259259,1,1.0,1.0,1.0,1.0,0.2138514534,0.1939212744,0.65,0.4814814815,269.0268706,72375.4571,1174,1.0,1084.75,0
45843,3047,0.1876061121,0.01310043668,6.0,11.0,11.0,11.0,11.0,0.1473214286,0.1473214286,0.1991150442,0.1991150442,0.1991150442,0.9956140351,0.0,0.9956140351,0.0,11.0,11.0,11.0,0.0,0.0,0.0,11.0,11.0,11.0,0.0,0.0,0.0,0.008733624454,2,1.0,1.0,0.7192982456,0.7192982456,0.2912863117,0.2912863117,0.1754385965,0.1754385965,95.46281671,9113.149375,441,1.0,442.0,0
13830,1388,0.9711417817,0.2105263158,1.0,2.0,19.0,105.5,585.0,0.001506024096,0.001506024096,0.05864930102,0.8636531143,0.9373637766,0.5060728745,0.1052631579,0.5344129555,0.08906882591,22.0,90.0,346.25,2.0,4.0,22.5,22.0,90.0,409.0,2.25,5.0,32.5,0.06072874494,3,1.0,1.0,0.5981308411,0.6363636364,0.3645700605,0.3503915232,0.1363636364,0.1214574899,84.41267019,7125.498889,469,0.0,357.64,0
1140,0,1.0,0.1206896552,1.0,2.25,17.0,17.0,30.8,0.001872659176,0.001872659176,0.001872659176,0.7840815365,0.8719512195,0.275862069,0.5,0.3275862069,0.5,1.0,1.0,40.0,17.0,17.0,17.0,1.0,1.0,829.5,17.0,17.0,17.0,0.06896551724,2,0.8431372549,0.8620689655,0.88,0.9,0.3528552483,0.3175347631,0.137254902,0.1206896552,234.882602,55169.83673,678,0.0,638.28,0
12271,0,1.0,0.6039360394,1.0,2.0,10.0,964.0,3709.0,0.002418123874,0.002418123874,0.007731958763,0.8512279859,0.8602528813,0.3591635916,0.0209102091,0.3653136531,0.0196801968,964.0,2561.0,3709.0,89.0,89.0,89.0,964.0,2657.5,3709.0,89.0,89.0,89.0,0.233702337,2,1.0,1.0,0.9981273408,0.9986824769,0.02823238069,0.02091329588,0.04416961131,0.0307503075,260.374733,67795.0016,1139,0.0,999.8,0
23688,0,1.0,0.7339449541,2.0,35.0,510.0,944.0,1498.6,0.001602564103,0.001602564103,0.882183908,0.9067331024,0.9159888726,0.7174311927,0.003669724771,0.728440367,0.0,445.0,622.0,1125.0,0.0,0.0,0.0,445.0,628.0,1129.0,32.0,32.0,32.0,0.1082568807,2,0.9887640449,0.9926605505,0.9957805907,0.9973958333,0.05564421724,0.03728828989,0.1179775281,0.07706422018,283.4589487,80348.97562,1860,0.0,1100.27,0
26134,0,1.0,0.801980198,2.0,222.0,753.0,1677.0,3080.0,0.001582278481,0.001582278481,0.8632478632,0.8859813084,0.9232053422,0.8514851485,0.009900990099,0.8514851485,0.009900990099,456.0,866.5,2033.0,2.0,2.0,2.0,456.0,866.5,2033.0,2.0,2.0,2.0,0.3069306931,2,1.0,1.0,0.9275362319,0.9295774648,0.2137144808,0.2095514964,0.1414141414,0.1386138614,308.5197791,95184.45408,841,0.0,841.0,0
4134,0,1.0,0.4379625406,1.0,2.0,9.0,392.0,713.0,0.002257336343,0.002257336343,0.005517251876,0.007731958763,0.009234828496,0.02624803213,0.01255020819,0.03850397987,0.008562979093,849.0,1665.0,3140.0,1.0,2.0,16.0,1573.25,1716.0,3709.0,2.0,4.0,63.0,0.02076007474,5,0.9999132848,0.9999411479,0.9989118607,0.9991710849,0.004520412288,0.003536529142,0.4213492889,0.2915826798,104.7173366,10965.72059,3701,0.0,316.0,0
34758,0,1.0,0.4086021505,1.0,4.0,8.0,196.0,2139.2,0.001531828703,0.001531828703,0.04076433121,0.1829573935,0.9524010858,0.5053763441,0.08602150538,0.7096774194,0.05376344086,8.0,21.0,560.5,1.0,1.0,1.0,4.0,8.0,1603.5,1.0,9.0,29.5,0.1397849462,2,1.0,1.0,0.9827586207,0.987804878,0.1663106508,0.1287744723,0.01639344262,0.01075268817,0.0,0.0,0,8.0,8.0,0
22122,0,1.0,0.7857142857,60.0,382.25,1208.0,1265.0,1266.0,0.7089264758,0.7089264758,0.8419557259,0.8498373219,0.8545902097,0.9682539683,0.03174603175,0.9682539683,0.03174603175,392.0,1208.0,1265.0,3.0,3.0,3.0,392.0,1208.0,1265.0,3.0,3.0,3.0,0.06349206349,1,0.0,0.0,1.0,1.0,0.08651653039,0.07770585626,0.009090909091,0.007936507937,0.0,0.0,0,165.0,165.0,0
47956,0,1.0,0.6746987952,2.0,30.0,154.0,275.0,2590.0,0.001572327044,0.001572327044,0.8422939068,0.8471720818,0.8581109124,0.702811245,0.03614457831,0.7670682731,0.01204819277,129.5,155.0,1017.0,1.5,2.0,2.0,139.0,157.0,1473.0,2.0,30.0,30.0,0.1646586345,1,0.609929078,0.578313253,1.0,1.0,0.09179280437,0.05627606036,0.02127659574,0.01204819277,905.5680844,820053.5556,1921,15.0,1897.58,0
30060,0,1.0,0.5,1.0,2.0,150.0,1450.5,2002.0,0.001523237198,0.001523237198,0.7097932151,0.8682170543,0.8767044908,0.5205479452,0.02054794521,0.5205479452,0.02054794521,968.25,1428.5,1851.5,2.0,2.0,2.0,968.25,1428.5,1851.5,2.0,2.0,2.0,0.1643835616,2,1.0,1.0,0.984375,0.9852941176,0.1548262164,0.1480808594,0.05,0.04794520548,496.6233739,246634.7755,1211,1.56,1206.56,0
2906,0,1.0,0.6092607636,2.0,6.0,373.0,1410.0,2799.0,0.0015625,0.0015625,0.09882352941,0.6510634391,0.8986710963,0.6060113729,0.02518277823,0.6450040617,0.01543460601,401.0,1203.0,2230.0,1.5,4.0,8.0,382.5,1203.0,2234.5,4.0,8.0,730.5,0.2307067425,3,1.0,1.0,0.9093137255,0.9066059226,0.1787614513,0.180877282,0.1437229437,0.1406504065,555.1536455,308195.5701,3547,0.0,2101.0,0
701,0,1.0,0.6659087173,2.0,102.0,375.0,713.0,725.0,0.001357773878,0.001357773878,0.002919708029,0.003663003663,0.01457725948,0.1010903512,0.2109747411,0.1115007397,0.141608679,133.5,573.5,2138.0,104.0,130.0,132.0,120.0,608.5,2712.0,106.0,130.0,133.0,0.03887458221,5,0.9994234484,0.9994520848,0.9971509972,0.9972363885,0.009629098342,0.009401150924,0.02476289314,0.02356035286,409.4610271,167658.3327,3558,0.0,2015.65,0
197426,2045,1.0,0.1955947137,1.0,8.0,49.0,146.5,248.2,0.01531467225,0.01531467225,0.8972972973,0.9102533124,0.9203296703,0.8845814978,0.0,0.9321585903,0.0,9.0,59.0,152.0,0.0,0.0,0.0,11.0,60.0,156.0,0.0,0.0,0.0,0.04052863436,5,0.9509803922,0.9533039648,0.7935222672,0.8068902992,0.3119047147,0.3012307605,0.3058823529,0.2898678414,118.8274815,14119.97036,716,0.0,693.04,1
4837,0,1.0,0.1732745399,1.0,1.0,3.0,9.0,104.0,0.001672240803,0.001672240803,0.005632199926,0.007751989744,0.01201762607,0.09263803681,0.008397239264,0.09551380368,0.007515337423,16.0,1355.0,2704.5,2.0,4.0,11.75,16.0,1386.5,2863.0,2.0,4.0,16.5,0.04539877301,4,0.9994757536,0.9995782209,0.9866149216,0.9924310283,0.03463540149,0.02151632135,0.06998689384,0.04175613497,621.0859184,385747.7181,3729,0.0,3062.76,0
33986,0,1.0,0.6363636364,4.3,146.0,1362.0,1362.0,3033.1,0.001598213716,0.001598213716,0.9268781891,0.9270072993,0.9631578947,0.8181818182,0.0,0.8181818182,0.0,1073.5,1362.0,1362.0,0.0,0.0,0.0,1073.5,1362.0,1362.0,0.0,0.0,0.0,0.1818181818,1,1.0,1.0,1.0,1.0,0.2446900283,0.2281366335,0.0,0.0,0.0,0.0,0,0.0,0.0,0
36617,1506,0.5940700809,0.7878787879,8.0,13.5,290.0,1076.0,1566.6,0.002754506806,0.002754506806,0.02573529412,0.09865725985,0.2896787559,0.5252525253,0.08080808081,0.7272727273,0.0,132.0,857.5,1177.0,0.0,0.0,0.0,352.75,1007.5,1367.5,31.5,39.0,40.0,0.2323232323,2,1.0,1.0,0.9620253165,0.9647058824,0.1663265979,0.1576678246,0.8924731183,0.8383838384,1051.369174,1105377.14,3689,2.0,3638.52,0
36616,1847,0.8407039711,0.7176470588,4.8,85.0,299.0,846.0,1093.4,0.00272479564,0.00272479564,0.01907356948,0.08169934641,0.2203682119,0.4705882353,0.0,0.7176470588,0.0,251.0,490.0,991.0,0.0,0.0,0.0,212.75,470.5,921.25,0.0,0.0,0.0,0.3058823529,1,1.0,1.0,1.0,1.0,0.1295280436,0.1163170743,0.8266666667,0.7647058824,544.4536296,296429.7548,1706,2.0,1708.0,0
36619,1870,0.5014990461,0.6888888889,3.9,22.0,398.5,1126.5,1637.5,0.002762430939,0.002762430939,0.07416081187,0.1687596623,0.3969095815,0.6333333333,0.0,0.6333333333,0.0,450.0,1044.0,1363.0,0.0,0.0,0.0,450.0,1044.0,1363.0,0.0,0.0,0.0,0.4333333333,2,1.0,1.0,0.9855072464,0.987654321,0.1464932433,0.1299711661,0.7820512821,0.6777777778,624.2921573,389740.6977,2219,2.6,1911.4,0
36618,1891,0.490296496,0.6057692308,3.0,4.0,146.0,803.0,1049.0,0.003021104069,0.003021104069,0.02293447293,0.1159125249,0.7175530615,0.5480769231,0.02884615385,0.8173076923,0.01923076923,46.0,388.0,841.0,1.0,1.0,1.0,31.0,111.0,795.0,1.0,1.0,21.0,0.2211538462,2,1.0,1.0,0.9634146341,0.9647058824,0.1618705293,0.1576678246,0.9405940594,0.9134615385,1130.355935,1277704.54,3691,1.88,3691.0,0
12306,0,1.0,0.3716814159,1.0,2.0,9.0,701.0,2173.0,0.001510574018,0.001510574018,0.01965601966,0.8850806452,0.9283844674,0.4955752212,0.04424778761,0.5221238938,0.008849557522,23.0,569.0,1747.0,21.0,21.0,21.0,73.25,701.0,1822.0,428.0,428.0,428.0,0.1504424779,2,0.7755102041,0.7876106195,0.9852941176,0.987012987,0.1480808594,0.1350108545,0.1836734694,0.1592920354,674.367843,454771.9877,2727,0.0,2478.97,0
21508,0,1.0,0.6471734893,1.0,3.0,792.0,2097.0,3525.0,0.001520452911,0.001520452911,0.002577319588,0.8446475196,0.8974857043,0.3606237817,0.05653021442,0.3645224172,0.003898635478,637.0,1144.0,1455.0,1.25,1.5,1.75,636.0,1164.0,1455.0,604.0,1203.0,1575.0,0.2729044834,3,1.0,1.0,0.9306122449,0.9343629344,0.1561322714,0.1498163006,0.06438631791,0.06237816764,311.0398826,96745.80859,1147,0.0,1064.54,0
3303,0,1.0,0.6466992665,2.0,8.0,214.0,1735.0,3708.0,0.001582278481,0.001582278481,0.005266629635,0.8811745755,0.8943307165,0.4015892421,0.01772616137,0.4077017115,0.01161369193,1108.0,2473.0,3708.0,2.0,6.0,7.0,1131.0,2537.0,3708.0,2.0,7.0,18.0,0.2616136919,5,0.6886035313,0.7011002445,0.9175769613,0.935483871,0.1551169974,0.1287835455,0.08025682183,0.06177370031,268.7057384,72202.77385,1701,0.0,1128.0,0
33652,0,1.0,0.480565371,1.0,2.0,101.0,1383.0,1986.8,0.001510574018,0.001510574018,0.001672240803,0.8744541347,0.8890429958,0.3392226148,0.0538869258,0.3427561837,0.003533568905,641.0,1298.0,1383.0,1.75,2.0,2.0,641.0,1300.5,1383.0,605.0,1182.0,1766.0,0.1104240283,2,1.0,1.0,0.993006993,0.9930555556,0.05474471109,0.05443257555,0.03743315508,0.0371024735,448.4808782,201135.0981,1806,0.0,1546.88,0
33657,0,1.0,0.4146993318,1.0,2.0,54.0,881.0,1455.0,0.001510574018,0.001510574018,0.002577319588,0.855757476,0.8896648045,0.4280623608,0.03028953229,0.4329621381,0.008908685969,167.0,523.5,1439.75,1.0,2.0,54.0,167.0,528.0,1442.0,54.0,604.0,1117.75,0.08374164811,4,0.9986394558,0.9986636971,0.6,0.6052998605,0.314560874,0.313020956,0.1002267574,0.09844097996,297.199823,88327.73481,2550,0.0,1352.0,0
33655,49,0.9867924528,0.7419354839,1.2,8.0,1504.0,3522.0,3525.0,0.001510574018,0.001510574018,0.002577319588,0.002577319588,0.01249599163,0.1505376344,0.08602150538,0.1720430108,0.01075268817,907.25,1368.0,1405.5,1.0,1.0,1.0,1106.5,1368.0,1480.5,938.25,1560.5,2063.75,0.4946236559,1,1.0,1.0,1.0,1.0,0.148480013,0.148480013,0.02197802198,0.02150537634,0.0,0.0,0,0.0,0.0,0
63980,507,0.9978193146,0.1307692308,1.0,1.0,2.0,4.25,517.8,0.001499250375,0.001499250375,0.001564945227,0.0016,0.9037592184,0.1923076923,0.03076923077,0.1923076923,0.02307692308,156.0,1407.5,1523.0,2.0,2.0,2.0,156.0,1407.5,1523.0,2.0,2.0,2.25,0.03846153846,2,1.0,1.0,0.9375,0.9565217391,0.3761250226,0.3070937378,0.01315789474,0.01153846154,1.414213562,2.0,3,0.06,3.0,0
36925,0,1.0,0.6312364425,3.0,4.0,217.0,1047.0,3072.0,0.001419559626,0.001419559626,0.8488372093,0.8635938828,0.8689138577,0.600867679,0.1822125813,0.6117136659,0.1648590022,237.5,533.5,2500.0,4.0,4.0,4.0,275.0,536.0,2516.0,4.0,4.0,4.0,0.1973969631,1,1.0,1.0,1.0,1.0,0.04751703477,0.02983155646,0.09523809524,0.06290672451,283.1491206,80173.42449,1212,0.0,1090.2,0
4544,0,1.0,0.761589404,8.0,183.0,365.0,846.0,2826.0,0.004524886878,0.004524886878,0.8081246831,0.9005066156,0.9051094891,0.582781457,0.0,0.6953642384,0.0,365.0,639.0,1707.0,0.0,0.0,0.0,460.0,846.0,2464.0,0.0,0.0,0.0,0.1721854305,3,0.9926470588,0.9933774834,0.6769230769,0.6715328467,0.3447692316,0.3437517546,0.05147058824,0.04635761589,1165.076296,1357402.776,3040,6.0,2980.96,0
87,0,1.0,0.4109589041,2.0,2.0,8.0,1632.0,3627.4,0.001447178003,0.001447178003,0.001510574018,0.9414114514,0.9477303989,0.3561643836,0.4246575342,0.3561643836,0.2876712329,1521.75,2116.5,3709.0,2.0,2.0,3.0,1521.75,2116.5,3709.0,2.0,3.0,5.5,0.2465753425,1,1.0,1.0,1.0,1.0,0.2960195787,0.2572773008,0.35,0.2191780822,1.96750953,3.87109375,9,0.15,7.8,0
20231,3113,0.160916442,0.8125,156.0,189.75,196.0,269.75,356.0,0.4482899789,0.4482899789,0.9005732503,0.9078691424,0.9078691424,0.9375,0.0,0.9375,0.0,196.0,196.0,298.5,0.0,0.0,0.0,196.0,196.0,298.5,0.0,0.0,0.0,0.25,1,1.0,1.0,1.0,1.0,0.3502605017,0.3502605017,0.0,0.0,0.0,0.0,0,0.0,0.0,0
33665,49,0.9867924528,0.5537190083,1.0,1.0,660.0,3390.0,3526.0,0.002506265664,0.002506265664,0.006578947368,0.9473684211,0.9473684211,0.4876033058,0.03305785124,0.5041322314,0.0,1.0,1.0,1.0,0.0,0.0,0.0,1.0,1.0,1.0,923.75,1189.0,1563.5,0.3801652893,2,1.0,1.0,0.8923076923,0.8923076923,0.2493124888,0.2493124888,0.02479338843,0.02479338843,422.6164534,178604.6667,920,0.98,902.58,0
8011,2249,0.8386911596,0.5319148936,56.2,121.0,191.0,830.0,830.0,0.8974709311,0.8974709311,0.9050758921,0.9109819121,0.9135338346,1.0,0.0,1.0,0.0,121.0,409.5,830.0,0.0,0.0,0.0,121.0,409.5,830.0,0.0,0.0,0.0,0.4680851064,1,1.0,1.0,1.0,1.0,0.1666172482,0.1666172482,0.04347826087,0.04347826087,0.0,0.0,0,7.0,7.0,1
38193,0,1.0,0.09916094584,1.0,2.0,9.0,38.0,137.0,0.007572198079,0.007572198079,0.03522891582,0.05639097744,0.5051724138,0.4988558352,0.005720823799,0.5743707094,0.005720823799,1.0,6.0,33.75,1.0,1.0,1.0,1.0,4.0,28.0,1.0,1.0,1.0,0.0408085431,4,0.9746390948,0.9740655988,0.9199843872,0.9212538226,0.141955653,0.1405809022,0.05969566914,0.06788710908,140.5589965,19756.83149,1365,0.0,561.6,0
31746,1,0.9997304582,0.9375,560.0,560.0,560.0,561.0,561.0,0.738141839,0.738141839,0.7408724609,0.7418164504,0.7429280397,1.0,0.0,1.0,0.0,560.0,560.0,561.0,0.0,0.0,0.0,560.0,560.0,561.0,0.0,0.0,0.0,0.0625,1,1.0,1.0,1.0,1.0,0.3377340095,0.3377340095,0.0,0.0,0.0,0.0,0,0.0,0.0,0
35916,0,1.0,0.3144981413,1.0,2.0,8.0,68.0,714.2,0.00144744442,0.00144744442,0.006596306069,0.8487179487,0.8828023576,0.3970260223,0.1308550186,0.473605948,0.08624535316,9.0,76.0,555.0,1.0,3.0,9.0,10.0,246.0,723.0,2.0,6.0,21.0,0.07732342007,5,0.9966583124,0.9970260223,0.7688172043,0.76,0.320773592,0.3247855884,0.0626566416,0.05650557621,219.4237195,48146.7687,1722,0.0,866.25,1
16276,0,1.0,0.5642491131,1.0,3.0,4.0,4.0,14.0,0.00246306913,0.00246306913,0.03147353362,0.0356841896,0.04005722461,0.2043752464,0.01202207331,0.6056365786,0.007292077257,4.0,4.0,5.0,1.0,7.0,7.0,3.0,3.0,17.0,6.0,8.0,113.0,0.02463539614,3,0.7143151815,0.7189594009,0.7989572471,0.7967903711,0.223498269,0.2258610765,0.01588283828,0.01537551745,158.5379375,25134.27761,922,0.0,766.46,0
62135,838,0.7806469149,0.171875,1.0,1.75,6.0,53.5,302.6,0.001869924548,0.001869924548,0.8806347761,0.887394256,0.9105069174,0.8125,0.0,0.859375,0.0,2.0,12.0,82.5,0.0,0.0,0.0,1.75,21.5,89.25,0.0,0.0,0.0,0.046875,2,0.2075471698,0.234375,0.8936170213,0.9074074074,0.2754638996,0.2519128978,0.03773584906,0.03125,0.0,0.0,0,206.0,206.0,1
33588,0,1.0,0.245508982,1.0,1.0,3.0,89.0,657.0,0.00145137881,0.00145137881,0.001598722045,0.02573529412,0.925058548,0.2415169661,0.1017964072,0.2734530938,0.03992015968,127.0,503.0,1017.0,2.0,89.0,89.0,309.0,604.0,1369.0,3.0,3.0,89.0,0.0618762475,1,1.0,1.0,1.0,1.0,0.07533479867,0.06351539619,0.009302325581,0.007984031936,44.61712115,1990.6875,104,0.0,100.97,0
7922,0,1.0,0.5754780436,1.0,5.0,102.0,720.0,2005.0,0.001453488372,0.001453488372,0.00269541779,0.006535167371,0.008159514636,0.06956855962,0.1175170558,0.07254732392,0.09368694148,303.0,707.0,1341.0,85.0,144.0,211.0,303.0,732.0,1384.25,120.0,144.0,568.0,0.185163832,3,0.9998799664,0.9999039108,0.9688696096,0.9742497972,0.06523160611,0.05602114605,0.1183531389,0.09522436821,889.5430744,791286.8812,3156,0.0,3039.0,0
23860,0,1.0,0.7520176082,2.0,7.0,52.0,1012.0,1519.8,0.001443001443,0.001443001443,0.002853119302,0.8352506477,0.8686960545,0.3110785033,0.1371973588,0.3756419663,0.0007336757153,902.0,1168.0,1649.5,1.0,1.0,1.0,855.0,1186.0,2165.75,7.0,7.0,33.0,0.1041819516,3,0.869776482,0.8341892883,0.9939577039,0.9965337955,0.0492151103,0.0308895303,0.01554907677,0.01173881145,333.3439419,111118.1836,1380,0.0,1175.25,0
5511,0,1.0,0.311,1.0,1.0,3.0,370.0,1217.5,0.002392344498,0.002392344498,0.002512562814,0.8526515658,0.8712647117,0.372,0.005,0.374,0.005,321.0,881.0,1409.75,1.0,4.0,14.0,321.0,881.0,1454.0,1.0,4.0,14.0,0.12,5,0.9864442127,0.987,0.790960452,0.7676438654,0.3099994725,0.3264809128,0.09593326382,0.09209209209,82.94754874,6880.295841,424,0.0,415.81,0
3292,0,1.0,0.6136063408,1.0,7.0,237.0,1352.0,2549.7,0.002398081535,0.002398081535,0.8565011383,0.8955942742,0.9190924289,0.5779392338,0.009907529723,0.5799207398,0.003963011889,487.5,1188.0,1895.75,1.25,3.0,9.25,502.5,1192.0,1898.5,7.5,17.0,21.0,0.1730515192,4,0.7326578332,0.7542932629,0.9851485149,0.9871520343,0.04537570686,0.04026547689,0.4091971941,0.3509583609,262.6802211,69000.89854,2694,0.0,1426.6,0
62416,43,1.0,0.4264705882,4.0,25.25,154.0,357.0,770.0,0.00159923445,0.00159923445,0.8244379076,0.8801663323,0.8870572777,0.8088235294,0.0,0.8235294118,0.0,69.0,193.0,500.5,0.0,0.0,0.0,71.0,198.0,557.0,0.0,0.0,0.0,0.04411764706,2,0.9310344828,0.9411764706,0.9807692308,0.9827586207,0.1798356651,0.1663106508,0.1379310345,0.1176470588,36.62649314,1341.5,118,0.07,113.59,0
10838,275,1.0,0.4814814815,1.0,2.0,17.0,930.0,3434.0,0.001564945227,0.001564945227,0.007731958763,0.6093336458,0.8543417286,0.3251028807,0.0329218107,0.3868312757,0.02880658436,757.25,2791.0,3434.0,32.0,89.0,89.0,765.5,3245.0,3435.0,46.0,89.0,89.0,0.2139917695,1,1.0,1.0,1.0,1.0,0.0731147318,0.05778519252,0.01081081081,0.008230452675,9.5,90.25,19,0.19,18.81,0
22742,0,1.0,0.6545454545,2.0,7.5,845.0,2682.75,3709.0,0.00490122196,0.00490122196,0.8475193277,0.8666021921,0.8768967333,0.7863636364,0.004545454545,0.8090909091,0.0,236.0,1776.5,3127.5,0.0,0.0,0.0,300.0,1798.0,3171.0,10.0,10.0,10.0,0.4045454545,1,1.0,1.0,1.0,1.0,0.07103131536,0.05911116595,0.1878453039,0.1727272727,394.9230131,155964.1863,1784,1.0,1716.55,0
721,0,1.0,0.9216,170.2,852.0,852.0,3709.0,3710.0,0.8320203531,0.8320203531,0.8485576923,0.8565763263,0.8662320883,0.9216,0.0176,0.9392,0.008,852.0,895.0,3709.0,1.0,1.0,1.0,852.0,1086.5,3709.0,1.0,89.0,91.0,0.44,4,1.0,1.0,0.9949238579,0.9934747145,0.03463537282,0.03745015292,0.1258389262,0.12,618.9519997,383101.578,3544,0.0,2917.22,0
264552,386,1.0,0.2139534884,1.0,1.0,3.0,21.0,763.4,0.001510574018,0.001510574018,0.001602564103,0.002747273482,0.2408111534,0.1255813953,0.0,0.1674418605,0.0,629.0,1282.0,3041.25,0.0,0.0,0.0,462.0,765.0,2224.0,0.0,0.0,0.0,0.08372093023,1,1.0,1.0,1.0,1.0,0.2281366335,0.1445943141,0.1125,0.1302325581,276.1321316,76248.95408,764,16.24,775.38,0
11164,0,1.0,0.4838709677,1.0,1.0,82.0,395.0,1660.5,0.001517450683,0.001517450683,0.06407547034,0.3372666328,0.447540572,0.5483870968,0.01612903226,0.5483870968,0.0,178.0,181.5,1450.0,0.0,0.0,0.0,178.0,181.5,1450.0,489.0,489.0,489.0,0.1290322581,1,1.0,1.0,1.0,1.0,0.2572773008,0.2572773008,0.5245901639,0.5161290323,797.5971232,636161.1709,3598,0.0,3008.69,0
4637,0,1.0,0.1768477894,1.0,1.0,1.0,3.0,1106.0,0.002450980392,0.002450980392,0.002512562814,0.002525252525,0.8471261843,0.1410732366,0.0006749915626,0.1560917989,0.0001687478907,810.0,1660.0,2710.0,18.0,18.0,18.0,824.0,1877.0,2791.25,34.5,43.0,63.75,0.09298008775,5,0.9706790123,0.9703003712,0.4738069609,0.4686058886,0.5023990912,0.5019528229,0.2249657064,0.2251096861,654.9844037,429004.5691,2122,0.0,1623.39,0
5607,0,1.0,0.4967741935,1.0,3.0,16.0,456.0,504.0,0.00157480315,0.00157480315,0.007207230605,0.6007399404,0.8211678832,0.3470967742,0.01806451613,0.3483870968,0.01677419355,456.0,456.0,504.0,2.0,2.0,4.0,456.0,456.0,504.0,2.0,2.0,4.0,0.04,2,0.9884559885,0.9896774194,0.9949152542,0.992211838,0.03367308724,0.03788341432,0.09090909091,0.08258064516,13.34385978,178.0585938,87,18.27,86.37,0
16735,0,1.0,0.05388072647,6.0,7.0,21.0,21.0,27.0,0.002197802198,0.002197802198,0.002197802198,0.002207505519,0.002597402597,0.005808605146,0.03219701948,0.02696664652,0.01887139591,118.0,399.0,414.0,28.0,171.0,621.0,3.0,104.0,757.0,90.0,411.0,615.0,0.00131416406,4,0.9998410638,0.9998423003,0.9973777526,0.9972808418,0.009348276936,0.009607039149,0.004503191968,0.004704830994,267.0037209,71290.98699,1767,0.0,1174.0,0
20857,0,1.0,0.3981042654,1.0,2.0,5.0,319.0,2036.0,0.001435750919,0.001435750919,0.002336448598,0.002570711076,0.891503268,0.1895734597,0.1658767773,0.1990521327,0.1516587678,1244.0,2062.5,3504.5,3.75,4.0,6.0,1280.0,2089.5,3578.0,4.0,4.0,39.5,0.1232227488,2,0.7835051546,0.7914691943,0.99375,0.994011976,0.07650662775,0.07392547788,0.05154639175,0.05213270142,210.7934244,44433.86777,744,0.2,672.8,0
36727,3701,1.0,0.0,9.0,9.0,9.0,9.0,9.0,0.003663003663,0.003663003663,0.003663003663,0.003663003663,0.003663003663,0.0,0.0,0.0,0.0,0.0,0.0,0.0,0.0,0.0,0.0,0.0,0.0,0.0,0.0,0.0,0.0,0.9736842105,1,1.0,1.0,1.0,1.0,0.1939212744,0.1939212744,0.0,0.0,0.0,0.0,0,0.0,0.0,0
43350,0,1.0,0.4070872947,1.0,3.0,41.0,423.0,1943.0,0.001564945227,0.001564945227,0.01360544218,0.8925634899,0.907967033,0.4891961971,0.01296456353,0.4961106309,0.006914433881,92.0,341.0,1388.0,2.0,2.0,2.0,99.0,354.5,1419.0,2.0,2.0,16.5,0.1391529818,5,0.9285714286,0.9360414866,0.9216944801,0.9229843562,0.1680235591,0.165501623,0.1527777778,0.1348314607,267.139341,71363.42751,2634,0.0,1116.35,1
203418,3138,0.8895800933,0.1111111111,1.0,12.0,17.0,40.0,138.2,0.006600660066,0.006600660066,0.8607594937,0.8797179813,0.939782584,0.8148148148,0.0,0.8148148148,0.0,15.0,32.5,40.0,0.0,0.0,0.0,15.0,32.5,40.0,0.0,0.0,0.0,0.09259259259,4,1.0,1.0,0.5,0.488372093,0.5347648702,0.5402134446,0.3529411765,0.3333333333,142.1420021,20204.34877,388,0.0,379.67,1
7725,0,1.0,0.5612903226,1.0,2.0,423.0,1464.0,3522.0,0.001510574018,0.001510574018,0.002544529262,0.1509433962,0.8892261002,0.2801843318,0.06728110599,0.2921658986,0.01013824885,770.0,1377.0,1455.0,2.0,219.0,220.0,722.0,1378.0,1455.0,224.0,605.0,1823.0,0.2341013825,1,1.0,1.0,1.0,1.0,0.03087099169,0.03060392766,0.05219012116,0.05161290323,469.0934429,220048.6582,2494,0.0,1772.95,0
11427,0,1.0,0.6667501879,2.0,12.0,150.0,165.0,225.0,0.002481389578,0.002481389578,0.003787878788,0.003787878788,0.007874015748,0.07541969431,0.01102480581,0.07592082185,0.009771986971,1836.0,3709.0,3710.0,6.0,89.0,194.5,1865.0,3709.0,3710.0,3.75,89.0,152.5,0.05762966675,2,1.0,1.0,0.9906330749,0.9917012448,0.02746246678,0.02449409946,0.01032217704,0.008270676692,128.837723,16599.15886,457,0.0,410.28,0
11426,0,1.0,0.2270866142,1.0,9.0,9.0,9.0,767.0,0.003623188406,0.003623188406,0.003623188406,0.007731958763,0.8581781302,0.2198425197,0.008503937008,0.2226771654,0.007559055118,1.0,681.0,1476.0,5.0,74.5,89.0,1.0,681.0,1608.0,4.0,7.0,89.0,0.06299212598,4,1.0,1.0,0.9614384749,0.9650398062,0.07920667574,0.07263923541,0.02609034268,0.0211023622,308.3401535,95073.65026,1327,0.0,1218.1,0
7843,0,1.0,0.6885688569,2.0,8.5,275.0,1051.0,2462.0,0.001342281879,0.001342281879,0.6250301772,0.8557339434,0.8903061224,0.5670567057,0.1368136814,0.5697569757,0.1062106211,275.0,881.0,1748.0,220.0,220.0,220.0,275.0,881.0,1786.25,220.0,220.0,223.0,0.200720072,4,1.0,1.0,0.9476135041,0.952681388,0.1053685007,0.09754382626,0.1652977413,0.1503150315,361.0856548,130382.8501,2564,0.0,2479.16,0
1653,0,1.0,0.8066914498,12.0,13.0,13.0,730.0,3322.0,0.007712082262,0.007712082262,0.06766917293,0.07419354839,0.8760845321,0.8178438662,0.0,0.8327137546,0.0,13.0,13.0,1347.0,0.0,0.0,0.0,13.0,13.0,1347.0,0.0,0.0,0.0,0.2156133829,2,0.8744939271,0.8773234201,0.9585062241,0.9501915709,0.1135020501,0.1215003211,0.02024291498,0.02230483271,80.60397013,6497.0,228,0.0,219.25,0
28000,0,1.0,0.393258427,1.0,2.0,5.0,181.0,2098.0,0.001510574018,0.001510574018,0.005509641873,0.861163227,0.9170789164,0.4719101124,0.06741573034,0.4719101124,0.04494382022,135.0,181.0,1778.0,2.0,2.0,189.5,135.0,181.0,1778.0,2.0,2.5,72.75,0.1348314607,1,0.5689655172,0.6179775281,1.0,1.0,0.1904098585,0.1640883553,0.2068965517,0.1363636364,200.7581983,40303.85417,739,0.0,673.88,0
33659,0,1.0,0.3620522749,1.0,2.0,7.0,643.5,1455.0,0.001523237198,0.001523237198,0.003267973856,0.8875151278,0.8987341772,0.3954501452,0.02758954501,0.4007744434,0.002420135528,7.0,580.5,1122.75,2.0,132.0,134.0,7.0,595.0,1134.0,176.0,735.0,1288.0,0.06389157793,4,1.0,1.0,0.9909365559,0.9882697947,0.05620942501,0.0610144559,0.1553492916,0.1548886738,762.5958904,581552.4921,3714,0.0,2892.69,0
29073,1796,0.9765306122,0.4859813084,4.0,51.0,51.0,1093.5,1914.0,0.003502637713,0.003502637713,0.005584568884,0.872430415,0.8943871707,0.4433962264,0.0,0.4433962264,0.0,352.0,1277.0,1914.0,0.0,0.0,0.0,352.0,1277.0,1914.0,0.0,0.0,0.0,0.2710280374,3,0.9770114943,0.9811320755,0.9195402299,0.9339622642,0.219327213,0.1903401861,0.7816091954,0.6886792453,169.2524278,28646.38431,1211,1.44,734.36,1
3215,0,1.0,0.5892640272,2.0,14.0,123.0,1104.0,2555.4,0.001602564103,0.001602564103,0.006106870229,0.854679803,0.863095497,0.358756376,0.04129220306,0.3745445713,0.03886324994,991.0,1598.5,2582.0,114.5,131.0,131.0,1098.0,1642.0,2642.0,47.75,131.0,131.0,0.2159339325,3,0.9469606675,0.9548214719,0.9944679466,0.9953991881,0.02002773191,0.01711600166,0.02800953516,0.02283215934,420.2204314,176585.211,1847,0.0,1790.27,0
42229,3154,0.9982046679,1.0,191.0,192.0,282.0,294.0,381.2,0.8464803619,0.8464803619,0.8557457213,0.8663425412,0.8706221156,1.0,0.0,1.0,0.0,192.0,282.0,294.0,0.0,0.0,0.0,192.0,282.0,294.0,0.0,0.0,0.0,0.5384615385,1,1.0,1.0,1.0,1.0,0.3786098873,0.3638395885,0.4166666667,0.3846153846,76.55742942,5861.04,207,1.16,203.84,1
327700,486,0.9956763434,0.6683937824,1.0,28.0,729.0,1654.0,2594.6,0.0015748383,0.0015748383,0.7864823349,0.8742857143,0.9019627202,0.725388601,0.0310880829,0.7616580311,0.02590673575,361.0,1136.0,2136.0,9.0,9.0,29.0,489.0,1214.0,2158.75,9.0,19.0,41.0,0.274611399,1,1.0,1.0,1.0,1.0,0.07268754211,0.07062989694,0.4888888889,0.4611398964,431.7189513,186381.2529,1778,0.0,1776.24,0
3352,0,1.0,0.3574908648,1.0,2.0,9.0,181.25,2180.0,0.00139275766,0.00139275766,0.005524861878,0.008547008547,0.8490161515,0.1218026797,0.2950669915,0.341047503,0.05481120585,9.0,9.0,1971.0,1.0,10.0,362.25,1151.0,3113.0,3709.0,9.0,9.0,13.0,0.140682095,5,0.984726995,0.9853836784,0.9829837752,0.986452426,0.04649004092,0.03850161535,0.0110729286,0.009135200974,537.6171459,289032.1956,1595,0.0,1595.0,0
11351,0,1.0,0.3763288448,1.0,2.0,13.0,218.5,2954.0,0.001529051988,0.001529051988,0.008474576271,0.8986928105,0.9333333333,0.4776754075,0.01842664777,0.4925584692,0.0163004961,71.0,217.0,2067.5,6.0,89.0,89.0,76.0,237.5,2091.0,6.0,89.0,89.0,0.1477675408,3,1.0,1.0,0.9951690821,0.9962779156,0.03285239152,0.02633369398,0.03117101938,0.02622253721,386.1567635,149117.046,1662,0.0,1576.32,0
36632,1788,0.6708551483,0.7721518987,2.0,30.0,737.0,1173.5,1588.8,0.006083593634,0.006083593634,0.05420054201,0.1688255183,0.8634271327,0.8101265823,0.0,0.835443038,0.0,210.5,867.5,1200.0,0.0,0.0,0.0,221.5,867.5,1200.0,0.0,0.0,0.0,0.4303797468,2,1.0,1.0,0.9838709677,0.9850746269,0.158457717,0.1497064996,0.8648648649,0.8101265823,679.9912624,462388.1169,2291,0.0,2291.0,0
36631,1350,0.6361185984,0.8229166667,18.5,237.5,768.5,849.75,1357.5,0.006952269361,0.006952269361,0.02493117836,0.0644629397,0.2200285867,0.6145833333,0.0,0.84375,0.0,476.0,773.0,945.0,0.0,0.0,0.0,320.5,768.0,985.5,0.0,0.0,0.0,0.3125,3,1.0,1.0,0.9459459459,0.9487179487,0.1957328797,0.1884769513,0.9130434783,0.875,930.360109,865569.9324,3729,0.0,3729.0,0
36630,549,0.8538627769,0.8625,32.7,313.5,1277.0,1889.5,2072.0,0.006424781175,0.006424781175,0.01425552236,0.03643042963,0.1242237223,0.55,0.0,0.9,0.0,551.0,1337.0,1892.75,0.0,0.0,0.0,447.0,797.0,1867.5,0.0,0.0,0.0,0.4,2,1.0,1.0,0.96875,0.9696969697,0.1752285345,0.1713888847,0.9230769231,0.9,1111.926029,1236379.493,3721,0.71,3701.83,0
8265,0,1.0,0.4876033058,2.0,6.0,107.0,464.0,2214.0,0.001594896332,0.001594896332,0.003367003367,0.2826442171,0.8725264299,0.4132231405,0.04958677686,0.520661157,0.00826446281,19.0,463.0,1709.0,2.0,2.0,2.0,135.0,568.5,2175.75,3.0,3.5,34.0,0.1239669421,1,1.0,1.0,1.0,1.0,0.1310321606,0.09179280437,0.2297297297,0.1983471074,106.5146622,11345.37326,287,0.0,287.0,0
7575,0,1.0,0.7688172043,3.0,176.0,1358.0,2703.0,3705.1,0.002333845652,0.002333845652,0.007692307692,0.8804127489,0.8974523077,0.4193548387,0.008602150538,0.476344086,0.005376344086,836.0,1861.0,3478.5,2.0,4.0,10.0,814.5,1802.5,3547.0,3.5,10.0,597.25,0.4107526882,3,0.8179581796,0.8258064516,0.9928774929,0.9935483871,0.03633498845,0.03342982166,0.3505535055,0.3100107643,373.9980965,139874.5762,2924,0.0,1714.74,0
11096,0,1.0,0.8893557423,124.6,452.5,1002.5,1617.5,3022.7,0.001447178003,0.001447178003,0.007462686567,0.007785903417,0.01068950178,0.08263305322,0.1554621849,0.09243697479,0.08263305322,552.5,2283.0,3648.0,609.5,709.0,910.0,740.0,2401.0,3680.0,693.5,1042.0,1619.5,0.3193277311,1,1.0,1.0,1.0,1.0,0.01935705112,0.01899129524,0.02023121387,0.01960784314,938.9466335,881620.7806,2492,0.0,2463.01,0
16787,0,1.0,0.4908424908,1.0,2.0,63.0,1735.0,2436.0,0.001508754049,0.001508754049,0.5977859779,0.8933823529,0.923218445,0.5274725275,0.01831501832,0.5274725275,0.01098901099,419.75,1712.0,2264.0,1.0,1.0,1.0,419.75,1712.0,2264.0,1.0,1.0,4.0,0.2527472527,1,1.0,1.0,1.0,1.0,0.09109535468,0.08296928912,0.06818181818,0.05494505495,5.162256182,26.64888889,13,0.0,13.0,0
12506,2492,1.0,0.5357142857,8.2,70.0,227.0,769.25,1151.0,0.09470816233,0.09470816233,0.8828587887,0.8879093498,0.9010273495,0.9285714286,0.0,0.9285714286,0.0,77.0,333.0,769.75,0.0,0.0,0.0,77.0,333.0,769.75,0.0,0.0,0.0,0.3571428571,3,0.5416666667,0.5,0.5416666667,0.5714285714,0.4933231004,0.4739725275,0.3333333333,0.2857142857,270.3298911,73078.25,826,2.07,789.78,1
25249,0,1.0,0.724137931,1.0,49.0,1412.0,3035.0,3709.0,0.008238371218,0.008238371218,0.8628175334,0.8921618476,0.9020547945,0.8214285714,0.0,0.8214285714,0.0,1369.5,2740.0,3548.5,0.0,0.0,0.0,1369.5,2740.0,3548.5,0.0,0.0,0.0,0.4482758621,1,1.0,1.0,1.0,1.0,0.2790772334,0.2333763054,0.09523809524,0.07142857143,1.5,2.25,3,2.03,4.97,0
53062,0,1.0,0.08105500161,1.0,1.0,1.0,2.0,4.0,0.001293661061,0.001293661061,0.001398601399,0.007670189218,0.01899086566,0.06754583467,0.6429720167,0.07204889032,0.6323576713,1.0,399.0,1797.0,1.0,1.0,2.0,1.0,498.0,1863.0,1.0,1.0,2.0,0.01994210357,3,0.9950641658,0.9951752975,0.9959758551,0.9960474308,0.01678124923,0.01652430853,0.03915761764,0.04504504505,164.1106289,26932.29852,1043,0.0,850.15,0
